549.4,553.1
555,547.45
556,552.6
563,555.9
563.4,571
559,562.8
561,558.85
565.7,559.5
564.95,563
560,558.85
559.25,557.05
555,559.2
552.1,553.8
550,554.35
545.9,549.75
550.05,546.35
544.05,549.4
533.55,544.35
523.25,534.7
512,519.9
508,510.45
514.8,507.4
520.5,514.55
522,517.65
523.95,522.2
511,519.3
504.95,502.1
501.9,502.65
508,502.85
509.45,508.6
507.55,507.35
498.4,506.3
503,498.95
491.35,491.05
492.55,490
492.25,491.2
502,491.6
506.2,497.9
510.7,504.9
507.55,510.7
511.5,507.8
487.75,511.8
483.4,485.3
492,482.95
488.25,490.4
491.35,486.6
488.15,489.4
488,486.8
470,493.35
464.9,457
436,455.75
442.9,436.75
440.95,440.4
435,437.9
432.5,433.45
434.05,432
442.45,433
447,442.65
447,440.65
450.05,445.25
446.35,448.85
454.85,445.75
456.05,454.25
451.6,453.95
451,450.95
458.1,450.9
454.95,454
448,451.45
465,450.25
460,462.05
475,464
490,477.95
495.8,488.3
496.1,495.45
502.45,492.9
493.15,501.65
486,493.35
485,485.35
480,482.65
484,478.15
481,483.35
478.45,479.9
492.5,477.65
495,493.2
488,495.45
491,488.75
496.75,496.6
502,496.75
502.15,502.05
482,499.15
470.55,478.55
478,472.7
469.45,467.8
471,469.5
485,472.9
493.5,482
495.9,492.95
494,495
501.3,495.05
483.3,500.3
481,482.65
484,480.85
485,485.1
490.3,483.3
487.5,490.6
469,486.7
470.1,467.95
465,469.8
471,460.1
472.25,472.25
470.6,472.5
467,467.75
469.95,459.9
486.8,470.7
475,473.25
474.9,472.6
477.9,471.95
473.05,476.5
462.55,473.35
461.6,462.4
468,461.95
470,469.25
468.3,468.95
462.5,464.25
452,461.65
465,454.6
468.95,467.1
455,467.6
458.15,454.2
445.85,458.4
449,446.4
450,447.75
434.95,448.1
422.8,430.9
423.2,422.05
419.5,419.7
408.05,419.15
404.95,405.1
407.7,403.15
390.2,405.95
393.95,391.1
389.05,392.45
394.7,388.3
381,392.75
389.3,380.45
392.5,390.75
404.5,392.4
405,404.9
411,403.9
413.75,411
422.1,414.1
417.7,419.15
420.35,417.55
425.9,420.65
429.9,424
433.4,430.3
416.1,431.55
420,412.5
411.3,418.35
407.7,413.55
406.9,406.4
417.55,409.7
407,414.95
414.4,409.05
407.1,407.1
399.9,407.7
387.35,398.25
381,392.35
374.95,378
385.1,371.55
390.8,385.1
393,392.95
396,391.75
410.1,393.55
431.3,426.85
406.4,436.85
383.9,399.8
413.55,408.6
405.15,411.5
402.25,403.05
411.6,403.3
406.5,413.65
404,417.7
408.35,404.65
399,404.45
381,397.1
414,398.85
411,415.5
427.5,426.2
428,427.3
428,428.45
427,425.45
413.4,424.9
411,410.7
415.1,411.9
415.75,413.85
409,417.4
391.6,406.4
392,389.3
395,390.35
386,390.1
376,382.85
365,374.4
381.8,367.85
369.15,379.8
372,367.85
371.95,370.4
376.3,371.9
377.2,376.3
365.45,369.3
362,365.45
359.5,361.55
370.5,359.05
375,366.9
369.5,373.75
385,373.6
403.6,394.5
390.45,402.9
387,389.95
374.1,385.85
375.2,373.7
370.8,373.8
377.75,370.45
375,377.8
370,373.1
372.6,369.85
381,372.4
384.1,380.15
387.2,385.45
392,387.45
389,392.3
392,387.2
380.5,391.35
373.25,379.2
368.4,374.8
369.3,368.5
377.3,370.15
379,375.45
381.05,379.55
378.4,380.9
362.15,374.05
365,357.6
366,361.9
359,364.35
351,354.75
358.85,350.3
370,362.9
364,367.65
365.75,363.8
361.25,365.3
370,362.3
370.55,368.45
366.3,370.25
374,365.6
359,372.85
357,359.2
344.25,357.7
330,342.4
323,327.25
315.5,318.6
334.5,317.65
332.5,334.1
330,331.2
325.05,327.35
315.25,321.9
312.2,313.45
311.4,311.45
311.2,310.35
307.9,312.5
332.4,333.75
333.8,332
336.5,333.85
324,336.15
332.1,325.5
329.9,330.05
325.9,329.9
325.7,325
329.5,323.8
342.05,334.95
342,342.05
342.25,341.5
337.8,342.85
336,337.7
342.25,338.65
332,340.65
335.5,332.15
324.7,334.45
331.05,323.1
325.6,329
322.1,325
320,324.35
313.6,317.6
324,313.6
326.9,322.9
327.9,326.1
326.5,328.9
328,326.95
322.3,326.35
327.05,323
330.05,330.8
320.9,329
331,327.95
330.9,329.05
330.6,329.45
328.2,332
347.7,328.95
348.05,348.45
350,346.8
347.5,350.55
357.7,347.7
358.05,356.6
347,358.4
353.7,347.55
358.7,353.8
358,354.4
337,356.85
331.1,335
326.65,332.6
322,324.15
322,331.15
323,322.25
330,323.95
314,328.45
317.9,312.1
315.15,320.2
318,317.7
325,319.5
309,324.4
300,303.9
317.25,300.05
311.4,316.6
304.5,309.45
303.5,302.9
298.9,302
304,295.8
299.8,299.2
296,299.8
297,296.3
296,294.45
296.2,296.15
284.8,295.45
288.75,291.85
289,288.35
271.7,286.3
260.25,267.15
250,256.9
246.95,249.1
250.1,248.4
247.85,248.05
250.85,247.85
255.95,253.45
254.5,255.2
249,253.25
254.2,250.5
245.7,251.35
249,244.85
220,246.2
226.6,217.85
235.55,225
234,235.65
231.2,235.55
237,234.45
215,234
224.75,226.15
227.9,224
250.25,231.5
251,249.4
253.5,250.05
256.8,254.4
255.7,257.55
249,253.85
238,247.1
233.65,234.55
234.9,231.7
237,237.95
230,236.25
241.3,229.9
235.6,238.7
248.1,247
253.6,246.35
248,252
251.95,253.7
263.9,250.1
273.8,268.5
257.5,274.1
256.45,257
261,257.3
260,259.55
257.05,258.15
257,255.15
263.5,254.05
265,263.5
262,263.7
258.55,257.2
255.1,258.55
257.1,255.35
246.2,256.55
246.9,244.9
247,244.2
239.5,245.05
235.6,240.9
225.7,232.95
234,226.85
242.9,234.75
244,243.55
238,240.2
241.9,240.15
239.25,243.5
230.5,237.65
231.8,230.05
229,231.2
224.6,227.9
222.9,224.35
230.5,224.4
229.25,229.7
228,228.9
234.5,225.85
232,234.5
222.25,229.8
218.9,222.15
220,220.85
221.95,217.95
215,222.15
218.7,220.1
236,225.6
239,235.8
241,236.05
247.1,238.65
248,246.75
247.5,247.4
245.5,247.25
249.45,245.95
247,249.45
247,246.05
241,244.8
247.7,240.8
253,248.15
255,252.65
249.9,255.3
244.25,248
248.7,245.2
254.7,251.15
243,250.75
238,240.5
226.5,236.8
227.75,227.15
215,224.5
215.95,212.15
206.45,211.9
205.05,201.35
217.25,209.45
220,215.4
216,221.1
229,220
227,226.85
233,228.55
231.5,230.2
243.9,229.05
234.7,241.3
243,233.05
237,240.3
236.2,239.25
217.2,228.8
220.9,215.9
228.1,218.95
223,229.65
218,219.65
221,216.2
226.75,225.05
231.5,228.5
219,225.85
214,215.5
208,214.15
230,206.15
238,237.25
248.05,241.65
251,249.9
247.95,251.65
238.1,246.55
234.6,237.1
252.5,233.6
254,249.1
260,246.9
263,261.15
261,262.05
262.25,261.3
260,262.25
249,256.4
247.3,248
249.5,247.3
252.4,248.35
251.9,250.65
251.25,249.35
265,251.4
272.9,265.1
274,270.3
272,280.35
284.35,274.65
285.9,284
282,284.3
285,281.5
283,280.7
285,281.7
281.9,284.45
282,280.95
285.2,280.55
293.8,283.4
300.75,297.45
294.9,298.75
308,300.95
307,304.4
305.5,306.55
297,304.7
295,295.7
301.95,298.05
304,302.75
313.95,304.1
311,313.45
309,310.4
303.9,304.8
305,303.6
304.2,305.1
296.95,294.45
298,297.05
297,297.75
305.95,298.8
304.6,305.95
296.7,304.7
312.5,302.85
308.8,311.05
317.1,308.25
323,316.4
330,321.65
329,329.2
325,328.5
330.7,324.65
333,328.3
334.25,332.85
339.95,332.75
342,341.55
350,342.9
367.8,361.35
364,368.15
365,364.05
357.5,363.45
359.8,365.65
355.2,359.55
376.1,353.15
372,376.85
369.15,366.2
367,367
380,367.25
364.1,379.2
363,361.3
369,360.5
372,369.25
369,371.35
369.7,367.95
371.4,370.15
354.5,368.7
350.95,351.15
346,348
349,344.35
336.9,345.85
339,337.3
345,337.7
344.3,344.6
346,342.85
337.25,345.3
335,336.25
319.7,333.6
324.1,318.05
316.5,324
326.7,316.85
318,322.4
316.65,315
322.6,315.75
328.7,322.9
330,327.2
330,331.05
336.6,328.95
334.1,336.35
334,331.85
328,332.4
329,326.2
335.2,326.55
328.4,333.4
333.5,325.85
338.2,332.1
342.2,336.4
348,343.4
356,347.85
353.5,353.5
358.55,352.8
355,355.65
348,351.05
352.1,345.45
361.5,351.15
367.55,359.4
376.5,367.05
377.05,374.7
369.8,375.6
371,367.2
369.85,369.95
366.2,366.55
366,365.1
359.5,365.1
346.7,357.65
358,347.9
379,369.3
391.1,379.45
383.6,388.75
385.5,380.95
391,383.95
392,390.45
392,389.65
397.1,390.9
403.8,398.05
408.15,402.65
398,402.95
405,396.95
386.7,402.1
384,384.8
382.1,382.9
380,384.6
391.2,376.75
397,391.6
400.15,397.05
402,399.55
394.9,394.7
397.8,389.55
415.8,396.3
411.55,416.65
406,410.8
396,404.55
397.3,399.35
404.35,396.45
398.5,404.3
396.6,398.15
392.05,395.4
404.5,395.15
406,403.85
406.15,405.2
400.8,401.85
393,393.45
396.7,389.4
400,400.7
420,403.4
433,420
433,432.3
451.6,436.1
462.5,451.6
462.2,460.85
462,462.3
467,463.7
460.1,464.8
474,461.65
461.6,473.3
467,460.5
464.4,465.7
475,464.4
470.3,476.6
467.9,462.7
472.9,466.85
487,471.45
479.7,486.45
477.05,479.65
467.35,479.1
468,470.3
480,468.3
472.9,479.7
473.1,471.05
478.15,472.15
490,477.95
492,489.15
476,489.35
473,474.4
453.75,471.75
450.8,451
460.1,451.8
461.9,459
460,457.1
453,455.8
455,450.15
443.1,447.75
461,439.85
460,456.15
446,457.8
462.4,448.2
460,467
440,456.45
448,440.95
457,448.7
469,459.3
475,466.55
460,474.2
475.1,459.95
487,473.3
502,486.1
509,500.9
510,510.4
497.8,506.75
494.25,498.75
508.4,490.05
514,507.55
517.95,517.05
521.6,517.7
516,520.3
514,518.5
515,517
509.5,513
525.35,509.25
520.7,525.75
524,519.2
515.15,523.85
523,513.55
530,522.85
510.25,525
538,511.85
538,537.6
540.5,536.6
544.5,545.45
549.5,544.1
540,546.4
534,541.3
544.7,534.7
539,541.9
545.95,534.9
551.8,537.55
553,555.45
563.8,550.15
555,561.7
552.7,551
548,549.2
545,553.4
551.7,544.9
560.2,547.55
570.05,557.15
556.65,567.05
564.55,554.95
565.85,562.1
565,562.05
557.5,562
543,558.9
529,542.7
518.3,526.25
497,513.95
521,500.95
519.25,521.9
514.65,517.3
537.3,513.3
536.05,536.1
542,536.45
545.4,539.3
546.5,543.65
530,541.35
520.55,528.3
528.3,519.5
532.85,525.8
533,530.85
528,532.4
520.4,526.95
520,519.75
525.15,519.3
535,522.05
524.05,532.1
525.5,524.85
550,525.75
549.5,549.95
560,549.2
575,558.8
563.25,573.7
561.25,560.25
537.5,555.1
528,536.6
498,525.75
477,492.8
468,475
471,465.65
480,468.7
468,476.75
481.55,468.4
471.75,477.55
466.55,471.05
467.9,462.4
455.7,467
443.1,451.25
471,440.45
456,460.7
430,452.15
425,426.9
416.95,420.25
400.8,416.9
402.5,402.25
400.75,399.95
400.25,400.85
391.7,397.3
403.8,390.75
406.4,400.6
427.75,405.5
426,425.9
427.9,426.25
421.95,426.6
422.3,421.05
419,423.25
412.9,418.8
409.2,413.75
421,408.4
416,420.1
418.6,416.8
409.5,418.85
403,405.95
400.35,401.9
403.1,398.55
403,403.45
394.5,401.3
384,393.85
378.4,380.9
374,374.85
370.4,374.3
363,366.7
365,362.95
363,361.85
352,362.5
357.35,350
342.5,356.3
345.1,340.7
333.25,341.75
342,336.8
341.3,339.6
365,344.15
369.25,364.25
369,370.25
358.25,364.2
355,355.75
346.4,351.75
343.8,345.4
350.5,344.05
362,349.25
370.65,360.9
374,369.2
368,373.9
369,367.3
381,374.05
374.7,379
372,373.5
369.9,371.05
376.9,367.35
388.05,374.35
386,390.15
388,382.5
365,384.45
362,361.35
345.8,359.25
339.3,343.15
356.5,343.4
349,356.15
352.5,346.55
369.9,358
354.9,366.1
370,353.75
386,376.45
393.25,389.15
385.9,392.45
376.9,383.7
378,374.75
383,377.55
376.55,381
377,374.9
385,374.9
384.65,386.15
392,384.3
394.7,390.9
395,392.25
408.95,394.8
412.1,408.25
416,412.6
424.6,419.5
425,425.05
427,423.45
425,424.85
426.4,424
419,424.85
424,418.45
418,423.2
412.7,417.85
417.9,410.85
408.9,414.85
410,408.75
415,409.05
409.5,415.4
415.1,412.45
423,418.6
419.1,423.3
430.55,420.75
421.45,422.6
418.5,421.5
408,414.3
407,409.2
400,408.45
402.15,400.85
396,400.75
393.5,394.75
397.7,391.9
394.9,397.5
384,392
383,382.65
382,385.05
388.25,383.2
379.5,386.05
368,375.3
352,358.85
362,352.3
355.65,360.05
344.85,355.6
332,345.7
339.5,333.55
338.85,338.65
338.9,338.85
335.05,336.1
326.95,334.4
327.7,326.4
311.2,325.65
325,312.4
330,321.85
334,332.1
338,335.05
337,340.1
328.2,336.15
313.1,328.45
312,310.1
303.25,310.45
307.6,301.95
311.2,307.75
305.05,308
291.5,302.9
304.05,296.7
288.2,300.35
283.8,288.45
276,285.8
274.7,275.65
284.85,271.6
300.4,287.85
291.6,299.5
294.5,291.15
291,292.6
298,293.65
311,300.4
301,310.4
289.45,290.2
290,288.3
303.6,291.8
303,298.25
316,302.95
301.25,316
295.6,300.75
290,292.15
293.35,288.65
284,289.85
292.15,281.25
275.9,289.45
279,274.25
282,278.3
270.1,279.35
275.05,272.25
284,277.45
276.7,282.25
248,273.3
260,247.95
242.9,256.95
229.9,246.85
249,235.1
262,249.8
234.9,241.15
220.25,236.55
208.85,218.45
199,207.7
205.95,198.6
203,207.9
212,202.3
217.45,210.15
208.75,215.7
216.15,209.6
218.7,215.7
224,218.9
228.65,223.05
233.7,229.85
239,234.5
240.95,233.95
245.7,241.05
243.8,244.65
251.9,243.25
253.8,251.45
255,257.35
262,262.8
261.1,261.3
262,256.25
262.2,261.4
263,260.35
268.1,264.8
272.3,264.7
279.9,269.35
281,282.15
274.45,280.6
268,273.8
268.4,264.25
269.8,264.7
267.5,266.55
270,266.75
272,271.65
286.9,272.4
285,290.55
276,284.7
276,276.7
270,274.15
271.9,266.15
280,274.15
289,281.5
293.35,290.4
294.25,292
296.9,295.25
298,299.15
298,298.3
292,296.6
304,291.8
313.5,301.8
321.15,314.05
318,321.35
313.1,317
310.4,313.15
304.4,299.5
308.6,305.7
315.85,308.65
312.55,315.3
313,311.95
308.7,311.35
305.7,308.55
303,303.9
319.05,305.35
319.9,318.8
316.5,318.15
320.05,316.05
325.55,319.15
323.95,323.85
313.25,322.35
304.1,311.2
304.05,304.45
304.65,302.85
305.8,302.4
313.8,304.85
310.25,312.55
307.9,308.55
302.5,306.75
298.2,299.95
300.25,297.2
294.55,298.2
298.5,294.55
296.7,299.35
308.4,298.7
307.95,305.55
309,304.45
311.4,306.2
304,308.5
315,304.4
319.7,317
315,319.85
314.8,314.5
305,312.3
311.8,306.2
328,314.75
327,322.1
337,327.6
340,334.8
350.55,339.55
348,349.1
357,354.35
351.25,357.1
356,351.95
362,355.75
358.6,359.2
352.8,358.5
352.75,350.25
348,352.85
338,343.95
340,334.95
341.6,341.6
359.3,342.35
351.25,356.75
361.1,349.85
366,360.95
365,364.45
375.25,364.15
389.25,380.05
386.8,386.8
376,385.3
378.5,375.95
371.6,380.55
385.9,376.15
385.7,384.55
391,385.35
390,386.7
398.8,390.65
397,397.25
393.6,394.75
403,395
405.5,400.75
406.4,404.8
401.25,405.95
405.2,398.95
409,405.75
404,406.55
408.5,404.55
410,407.8
414.75,409.2
416,414.05
420.5,414.65
414.4,418.6
422.2,414.95
423,424.1
417.4,423.55
421,416.9
425.4,420.15
434.9,422.7
439.9,433.7
434.15,440.55
440,433.4
440.4,441.85
443.7,438.4
431.1,438.3
426.75,428.3
432.5,428.35
433.5,430.9
428.3,429.75
430,428.45
427.9,429.55
424,431.4
417,423.35
402,413.95
399,398.95
389,397.25
396.9,388.2
398.1,395.25
401.5,396.1
394.5,400.25
401.9,394.9
400,399.65
394.4,397.65
391,389.35
386.1,390.65
377,385.4
376,376.95
375,376.05
367,371.5
366.5,364.35
367.35,365.9
362.5,364.35
368.25,361.25
372.95,364.1
376,370.05
384.95,375.75
386.4,386
385,383.85
404.9,390.55
398,403.65
396.9,401.95
394.7,398.7
399.7,397.85
400.8,401.6
392.5,397.8
394.85,392.25
402.6,392.9
402.8,401.7
399,399.5
405.9,399.6
404.45,404.7
405.8,407.85
411,407.1
410.5,411.65
414.1,407.55
421.9,408.75
421.4,419
422.5,420.55
413.6,420.35
412,411.65
411.2,411.75
409,407.55
413.05,410.35
405.7,409.5
399,403
402,398.85
400.05,400.75
396.9,396.05
398.55,396
406.05,400.65
410,406.65
396,409
400,393.85
408.7,404.9
408.6,410
398,403.75
388,387.45
380.05,387
379,376.9
374.5,379.9
372.1,373.8
361.1,370.7
350.95,350.65
361.2,350.7
358,363.1
365.25,358.05
366.7,362.5
374,366.7
377,374.4
388,378.4
390.7,385.5
395.8,387.7
395,398.6
392,392.6
395,392.2
401,394.8
407,398.2
391,406.05
400,395.65
404,400.4
405.55,406.3
407,408.35
406.8,406.05
403.3,404.3
403,396.95
409.9,405.9
415,409.35
410.5,413.6
404.1,410.2
390,399.3
388,384.15
396.1,387.45
399.6,397
412.4,399.5
413,415.8
415,414.65
408,411.15
411.05,406.2
417.5,408.85
430,425.65
435.3,429.45
438.05,436.35
436.7,438.95
444,437.05
452.15,447.45
451.25,451.25
447.5,452.1
448.4,445.65
442.6,447
432.15,441.3
422.1,428.4
412.5,420.7
412.35,410.4
421,414.55
425.4,418.65
423.8,430.25
423,426.85
420,420.2
419,418.75
407.5,413.4
411.25,406.6
415.9,411.4
406,412.6
416.05,409.85
412,410.5
415,411.6
402,409.65
406.25,398.5
393.4,402.6
403,398
406,402.85
412.1,410.25
413.15,415.8
409.9,411.75
397.95,408.25
397.75,398.55
397.9,396.15
407.5,399.35
394.05,402.2
399.8,399.85
403.5,405.85
410,401.55
406.25,417.8
410,408.05
411.5,411.75
418.75,415.35
422.95,417.35
445.4,427.35
420.35,441.6
444.3,433.55
458,448.3
465,462.15
463,463.65
462.1,463.15
466.5,461.85
467,465.9
471.4,465.9
465,468.7
470.9,462.95
466,470.4
466,467
465,463.7
456,461.3
448.5,454.1
457,449.75
451.05,452.6
448,447.05
460.4,453.15
472.9,459.45
475.5,474.7
476,477.95
470.4,471.85
453.75,470.4
450.25,452.15
445,455.5
448.7,446.5
449.9,440.45
450,449
469.3,450.4
453,471.85
449.2,453.7
454.9,447.9
462,454.35
463,462.3
474.5,462
460.3,467.15
461,456
432.9,453.7
423,425.05
447.9,426.2
464,450.55
466.5,466.95
466.9,465.95
472,462.15
466,471.75
447.75,458.45
476.75,442.25
473.8,475.7
472.25,471.5
492.9,470.45
482,491.35
484.5,478
492.5,479.15
492,495.15
483.7,487.55
476.7,485.1
435,475
448,451.1
454.4,450.65
469.5,452.35
474.8,467.8
472.65,467.25
475.9,474.65
452,469.55
443.5,451
455.85,442.45
449.15,458.75
435.15,445
429,432.15
434.85,426.7
438,436.6
431.15,435.2
443,424.85
423.6,442.8
411.9,421.7
391.2,415.7
382,388.1
373.1,382.5
362.2,371.8
361,361.8
363.25,362.8
359.35,363.2
365.5,362.3
363.15,363.65
345.85,361.2
339,340.55
344.6,335.25
344,342.1
347,346.85
357,349.05
348.8,357.7
355.05,347.25
347,353.65
352.5,350.15
365.8,344.2
364,363.35
379,364.95
371,375.15
391,376.5
382.5,391.95
402.5,385.75
395.9,398.25
413.9,403.8
412.05,416.55
415.7,411.6
400,418.85
400.05,402.6
384.9,384.9
389.5,387.05
378.8,386.9
379.05,374.1
381.8,384.95
388,382.5
382.1,391.15
388.4,380.6
398,392.5
407.7,400
399.7,406
413,401.5
434.3,412.65
429.6,430
470.05,448.8
470.75,467.9
468.95,467.9
464,462
465,467.75
477.45,471.65
480.5,482.95
465,480.6
454,451.5
438,452
439.9,436.4
444,432.15
428.7,440.45
432.4,434.05
431,428.1
442,439.25
449.9,438.4
444.15,451.2
434,443.95
438,433.15
420.35,433.25
413.5,419.6
401.25,400.65
393,397.25
410,394.7
429.9,415.25
424.75,432.5
442.5,427.45
442,439.15
431.9,435.2
438.3,432.3
450.3,442.1
462.5,458.3
452.5,460.9
458.35,453.9
470.9,459.75
474.4,465.8
460.55,469.5
460,458.55
469.9,454.85
490,476.95
499.1,492.7
495.1,497.95
492,494.05
485,494.65
471.8,488.5
455,468.55
428.75,447.15
442.5,422.25
458,443.4
476,455.4
473.7,475.75
463.75,469.65
454,459.2
473,462.55
472,472.35
480,468.9
489,476.35
483,484.55
503.7,485.85
495,486.05
520,510.95
545,532.9
565.1,557.9
559.7,563.1
570.1,563.95
570.1,572.6
569.1,565.1
575.6,568.5
583.55,579.7
592.7,583.55
580.9,590.75
578.55,584.3
576.45,572.95
579.5,575.4
573,576.55
574.5,572.15
576.55,573.3
573,576.55
576.8,575.7
581.5,571.9
594.1,587.75
606,594.45
600.7,606.4
597.1,597.2
598.95,596.85
597.95,596.85
614.2,602
604.1,608.7
589.1,601.3
590,587.3
575.25,588.2
560,578.65
558.75,556.8
562,558
565.5,559.15
574.15,561.15
565,572.25
557.6,553.15
562.7,561.25
567,561.3
567.4,562.8
578,569.2
577,577.05
575.5,577.15
567.4,576.7
572,568.9
578.65,573.5
577,574.65
593,582.2
585.1,589.1
586.95,580.35
577,585.35
575.1,572.6
568,561.5
558.9,566.2
574.9,559.25
564.7,578.35
572,562.8
576.75,571.55
580.95,574.55
591.8,578.3
588,594
592,584.45
591,593.35
595.7,589.05
596,594.7
585.5,594.05
589.9,583.25
601.5,590.5
612,603.25
617.7,614
613.8,614.75
623,613.55
630,620.25
627.85,625.9
630,627.1
629.5,628.75
616.5,625
608.8,610.9
631,611.95
634.45,630.35
622,636
631,625.05
637.55,629.7
635.25,637.55
636.5,633.2
632.15,634.3
628,629.8
623,625.65
617,620.5
616,616.4
611.55,613.5
614,613.45
615,613.6
614.2,610.75
604.1,610
605.05,604.2
600.35,601.5
599.95,596.3
591.8,594.75
596.5,599.45
586.4,593.5
584,601.05
594.3,582
611,596.8
618,612.65
606.8,614.55
612.4,602.85
629,617.6
629.8,623.4
611.9,634.3
614.1,605.95
608,608
623.6,602.15
622.05,619.8
632.4,623.85
639.1,637.45
657,637.95
643.1,654.9
607.9,641.05
625,616.55
605.1,619.2
601,595.05
598.05,599.8
617.9,598.55
644.8,619.55
638.6,639.75
638.65,635.85
626.05,637.55
630.15,625.7
637,630.95
619,637.75
646,635.9
655.5,650.3
651.75,655.1
629.5,648.85
631.25,629.6
634.9,634.95
634.9,639.8
626,632.45
618.5,622.9
638.35,621.7
649,637.45
648,649.3
650.6,647.6
662.05,650.7
685.8,660.9
687.2,683.8
696.5,681
707.65,694.5
684.2,703.4
674.2,678.95
671,670.8
666.8,667.9
665.05,664.8
671.25,663.65
659.9,673.35
675,661.55
676.5,672.4
666,675.55
656.7,664.5
644.1,658.85
643.2,642.5
632.15,645.5
621.7,630.8
603.9,618.1
628.05,604.3
634.9,623.65
640.4,639.6
620.9,634.95
624.1,614.2
621,622.15
586.1,613.65
590,584.2
600,592.95
606.7,598.25
620,603.1
613.1,615.35
616.8,612.05
611,623.2
624.1,605.35
608,623.4
620,605.35
625,617.15
628.5,606.3
640.45,631.3
640.3,637.7
635,640
625,632.85
628,623.75
615.5,621.3
603.45,609.4
595.05,598.2
601.25,592.65
604,590
617,604.75
603,614.4
621.1,605.45
623.2,621.75
634,617.4
618.6,628.3
625.1,615.55
652,633
638,646
653.5,636.05
641,650.6
636.5,638.05
644,632.95
634,639.85
662,626.95
681.4,649.55
674,678.05
671,668.8
675,669.65
659.4,667.75
653,651.7
653,653.1
646.5,651.8
635,645.65
628,629.5
620,623.4
617.4,618.75
620,615
606.9,616.5
601.25,605.3
610,595.35
600,603.4
607,596.8
597,601.15
581.5,593.2
573,579.4
578,576.3
535,575.6
538,539.95
540,543.45
527.2,537.75
522.4,522.4
518.3,527.95
504,510.15
497.5,501.85
510.1,497.25
521.4,513.8
522,521.4
520,520.2
523.5,522.05
517,522.1
522,513.85
527,517.7
522.5,527.05
517,519.8
539,520.4
535.1,537.85
537,538.95
539,531.2
542,538.35
548,541.1
551.9,546.9
538,547.15
533.5,537.15
536.7,533.5
532,533.15
535,529.7
448.65,532.2
546,536.1
525,540.25
508.3,529.95
514.9,509.5
503,511.45
514.1,509.2
504.95,511.3
514.9,505.85
496,508.25
494.75,497.3
486.5,495.9
481.1,484.15
479.25,474.85
473.5,479.85
474,471.5
475,474.8
481.8,474.9
476.9,485.6
499,481.5
491,500
498,490.05
503,498.05
490,498.15
502.5,494.25
481.1,504.3
480,474.4
485,482.2
495.1,485.5
485,490.85
476,484
476.05,472.65
464,470.9
452.5,462.35
463.2,452.4
470,462.55
486,484.8
492.05,485.8
482.25,484.1
498,480
496.15,500.6
498.05,496.15
489,493
486,484.45
494,478.65
517.1,500.95
494.6,509.4
505.6,507.85
522.8,512.35
540,531.45
540,536.2
571.1,548.55
588.05,575.35
582,584.35
605.6,581.85
569,601.75
563,558.65
573,575.85
568,573.2
615,578.55
614.9,608.55
639,618.8
626.65,632.95
640,624.65
657,647.45
654.7,656.9
659.25,648.45
665,656.5
674,668.75
675,671.15
684,669.75
675,694.45
665,685.35
683,691.6
673.9,682.35
671,676.8
680,671.45
688.5,684.2
681.9,685.5
656.1,678.75
637,652.25
635.25,632.65
646.6,635
648.5,642.3
737,643.5
638,635.85
635,637.3
635,629.75
640.95,643.65
635.1,638.6
633,632.9
612,627.15
609.1,609.95
610,607.4
610,608.35
614.2,611
621,613.45
627.8,621.45
622,618
610,617.45
612,608.6
580.5,609.1
562,573.65
570,567.35
569.95,567.4
570,576.4
569.75,572
570,562.55
569.95,577.35
566,584.9
544.8,549.85
540,537.85
525,534
538.4,522.55
537,533.45
569,533.8
555,558.7
557.2,550.45
599.9,577.3
575,600.4
585,572.3
473.95,577.95
588,569
565,585.55
605,558.7
620,610.5
640.05,624.5
652,648.3
639.9,653.65
640,637.75
640,637.6
648,645.25
645,646.95
621.1,639.8
650.1,626.25
656,648.45
655.25,650.25
643.9,649.4
660,641.95
638.1,649
622.7,634.05
620,617.6
624,614.8
620,622.05
605.4,615.75
581,603.3
560,577.6
565,555.55
560,563.2
555,564
544.9,557.55
548,545.9
540.9,544.65
549,545.6
540.3,548.6
556,544.85
555,568.55
570,556.3
578,575.75
580.35,583.35
585.9,575.4
577.95,582
555,575.4
530,544.9
560,543.45
563,562.2
577,557.4
554,573.25
530.35,551.6
546,537.3
538.2,546.9
536.1,537.85
526.15,535.05
510,521.25
520,511.85
510,526.35
516,504.75
505,509.35
491,499.7
469,484.75
446,469.35
467,445.6
480,471.6
475,468.1
495,482.6
534,501.3
534.1,540.55
549,531.05
546,543
576,552.45
567.9,575.25
600,563.45
572,566.45
575.55,574.75
550.05,571.55
532,545.95
538,532.6
522.1,535.1
520,516.7
500,510.4
500,497.45
509,510.35
505,510.35
505,504.15
507.95,498.5
516.4,513.15
529.6,520.5
511.2,521.5
520.9,518.05
535,521.15
496.65,531.6
482,491.25
466.9,479.1
473.55,469.15
465,470.35
455.1,459.9
434.95,456.15
437,441.85
422,430.15
419.95,420.6
413,416.45
426.5,417.45
431,424.3
415,438.6
456,436.4
457,460.05
455.95,457.8
452,458.15
437.45,444.9
439.7,442.25
451.1,433.7
435,451.45
462.95,437.7
466.05,469.75
449,470.5
460.1,443.7
454,463.15
461.15,456
448.95,456.2
468,454.8
477,473.1
483,475.05
466.75,483.6
458.8,462.7
435,453.1
467,441.9
459,468.95
440,457.35
420,439.9
406.1,414.75
415,398.3
387.95,411.75
398,391.1
388.1,392.75
386,385.1
361,380.2
345,358.2
348,338.9
369.75,353.4
362,364.2
398.9,362.55
409.9,398.1
432.7,396.45
405.1,438.3
398.05,420.15
389.7,395
400,390.8
390,397.15
400.45,387.9
410.1,397.95
404.55,406.55
394.9,400.4
416.25,402.55
395,411.75
415,389
449.5,417
419.95,450.9
459.9,434.05
457.8,455.8
439.5,452.25
441,439.5
400,438.55
467,416.55
479,463.9
491,470.7
480,487.9
438,474.05
421,437.95
396,406.3
365,383.6
385,373.25
370,361
365,368.7
361.5,363.25
335.3,365.9
329,371.3
328.2,329.15
300,316.95
266,272.1
258,264.55
273.5,265.35
268.1,275.45
287,271.65
300,282.5
277.9,294.35
286.5,270.65
268,286.15
245.65,263
239.7,238.05
255,234.3
258,253.45
271,260.95
243,262.8
247,241.15
255.65,244.3
258,262.85
275.25,258.3
290,269.15
277.25,293.35
273.1,282.9
243,261.2
231,242.5
230,235.85
214.5,224.85
208,209.85
198.25,206
220,196.15
207,223.5
199,204.8
187.35,195.05
196,187.35
179,194.4
174.5,176.1
177.5,173.2
170,176.3
170.2,168.65
166,168.85
157,166.7
155,155.95
153,152.3
149.8,156.85
157,152.1
156,156.7
158,155.7
170.1,159.35
162.5,172.35
160.9,163.2
162.9,162.35
166.9,160.55
171,168.05
172,172.45
170.05,171.05
182.7,171.65
197,184.05
185,194.15
188.25,185.45
193.9,190.3
197.65,196.95
188.4,199.55
184.4,186.15
181,182
172.3,179.15
174,170.7
181,172.4
181,184.65
180.1,183.3
175,176.85
169,172.3
180,166.35
190.95,179.2
192.25,188.65
204.7,195
206,208.2
201,204.15
213.45,197.8
203,213.45
199,202.85
212,200.3
225.1,214.5
245,233.65
248.1,246.75
235,245.1
231,229.65
218.4,228.75
216.5,216.85
216.95,214.8
212,214.8
220,211.5
220,217.45
222,221.55
228.85,225
223,228.85
216,222.1
227.4,218.85
229.65,224.75
222.5,227.1
212,217.9
219.1,217.85
197,217.4
191,196
185.3,182.8
167.1,187.5
156.1,164.7
148,148.65
153,153.5
150,150.95
154.9,154.9
160.9,150.8
161,156
159.2,160.05
155,158.05
165,162
167,164.75
174.8,166.3
187,173.25
188,185.1
212.65,190.9
195.1,214.45
186,190.1
201,186.25
244,215.75
226.7,239.85
219,225.25
190.35,210.1
190,187.35
173.8,182.8
175,168.5
199,178.3
228.6,208.45
266.3,244.8
258,278.3
250.05,252.55
271,248.2
260.05,269.75
296.5,273.25
315,304.8
282.1,304.3
317,287.5
350,338.2
357,357.35
390,350.25
430,393.8
431,438.65
435,425.6
461,445.35
487.75,461.4
488.55,485.05
472,485.7
488,470.95
485.05,493.75
475,479.6
460,459.35
490,475
488,487.55
525,500
535,523.45
530.1,526.3
562.5,535
571,564.4
571,569
562,561.1
600,582.3
589,589.2
595,584.3
585,600.35
581.55,571.8
581,581.4
579.7,577.55
602.9,585.6
590.05,594.45
605,589.3
599.1,605.2
596,599.1
615,603
605,616.2
608,610.45
648,607.95
661,644.8
650,651.2
640,642.8
692.6,645.65
688,675.95
681,691.75
649.2,680.65
639,654.95
597,630.05
592,584.3
620,603.95
623.5,617.9
677.15,631
640,667
605,624.35
602,598.5
601.2,592.65
660,607.4
647,625.7
680,647
662,684.1
703.5,666.15
672.3,698.95
662,677.9
647.6,651.4
643.6,651.75
665,640.1
736,657.45
695,741.2
730,697.85
726,728.35
735,726.75
747,757.1
698,742.95
745,711.25
769,745.55
820,777.6
818.6,815.6
850,822.65
844,849.65
849.95,848.35
860,841.35
810,856.85
825.7,837.2
826,820.85
790,822.9
845.6,823.2
810.75,840.9
866.75,815.6
851,861.75
906,868.05
900,902.9
906,896.05
870,902.7
878.5,867.95
890,874.95
911,896.5
920,908.5
884.9,922.25
887,894.65
885,890.9
892,881.9
811.5,886.35
845,851.3
838,842.8
847,843.9
814.75,845.65
820,824.95
805,816.4
798.95,802.55
825.9,797
815,817.6
775,808.9
810,777.7
780.1,803.3
801,776.5
780,797.6
760,780.9
721,776.8
693,715.2
698.9,690.65
685,692.8
688.9,692.2
679,685.9
655.1,678.9
680.5,656.3
663.5,679.35
663,660.7
650,659.6
691.1,645.95
700,667.4
684,693.15
656,716.75
655,654.8
635.1,657.85
605,633.8
640,592.45
689.4,637.3
660,639.25
695.05,658.5
698,715.25
756,697.2
825,766.45
799.8,819.05
762.1,812.2
786,772.6
778,798.45
770,777.75
790,770.65
819,801.55
807,823.7
818.6,811.05
815,809.25
805.7,808.6
790,803.45
790,806.05
809.8,772.6
822.8,812.6
822,821.25
771,818.5
767,778.6
735,758.2
740,710.45
750,726.05
776.95,750.4
801,771.4
800,799.45
791,817.8
785,802.8
748,776.45
724,733.5
719.4,723.5
708,716.2
710,698.4
703,714.1
714,671.35
680,696.8
705,671.05
775,722.45
810,781.9
825,810.15
845.4,818.55
845,851.85
853.25,838.95
860,853.25
894,854.1
895,890.5
935,891.8
931,925.7
929.7,930.1
931,926.75
944,934.75
938,933.2
939,934.8
900,931.4
900,906.35
865,892.75
839.8,862.5
826.05,824.8
850,824.2
834,816.35
882,823.85
894.3,877.85
870,889.4
830,864.45
765,835.85
835,833.5
856.5,833.4
880,847.2
879.9,865.35
845,872.95
833,838.7
809.8,825.7
833.85,802.15
858,818.7
847.5,847.6
835,849
830,820.5
840,818.95
862,822
855,859.55
843,862.75
860,843.2
809,860.6
850,857.95
825,832.95
832.1,815.2
860,834.05
855,845.1
875,860.05
881,859.8
900,879.1
860,893.85
924,885.15
901,905.05
910,898.6
969.8,900.9
997.7,990.6
920,988.9
905,915.4
845,895.4
826,837.3
842,851.7
880,836.15
885,869.1
922,907.05
858,911.4
849.6,848.1
846,849.6
845,845.55
786,834.6
843,789
873.5,832.9
839,864.75
840,840.05
860,841
799,850.35
759,794.6
750.1,750.9
752,743.7
745,748.9
739.4,740.8
748,739.8
720,744.7
702.55,710.9
705,704.8
716,703.55
716.9,706.6
712.25,711.3
696.3,708.7
681,693
697,688.05
683,692.55
690,683.6
695,683.4
692,691.85
664,689.7
673,657.35
595.9,659.85
601.6,605.4
586.5,603
562,582.35
585,560.2
553,569.3
573.55,546.1
565,568.8
575,544.3
630,575.35
648,641.7
640,644.1
665,635.9
657.3,652.45
645,650.55
655,642.6
637.1,649.95
645,651.7
626,638.9
641.2,622.4
649,655.4
652,647.3
694,651.6
711,703.45
715,709.5
723.9,721.1
710,721
685.9,715.25
687,682.25
681.55,682.7
615,680.5
700,694.25
678,694.75
660.1,672.25
632,655.5
628.9,633.95
625,625.5
628,623.15
618.9,627.1
605,616.4
610,600.7
602,593.4
595,597.2
598,593.05
602,596.25
592,603.15
595,599.55
612.7,598.95
612,608.35
612,608.05
585,608.85
602.95,588.95
620,600.1
600.1,614.15
606,595.2
573.7,603.1
589.95,579.75
604.3,585.6
610,614.85
642,617.7
638.4,641.15
637.45,636.8
635,634.65
614.1,632.2
629.5,627.75
627,629.25
631.95,626
627,624.35
656,631.6
627.6,658.9
622.5,627.45
596,622.9
598.45,591.05
590.5,597.35
591,588.45
602.35,591.6
578.25,591
570,569.05
565.25,576.25
554,562.2
554.4,553.15
557.5,551.9
567,552.9
555.1,556.8
539.9,549.6
545.25,537.65
573,560.45
578.9,570.8
559,579.1
535.5,557.6
505,534.35
500,505.2
523.9,511.35
530,528.65
515,533.4
499,511.25
506.25,495.95
495,511.85
497,495.55
470,493.3
440,465.2
432.5,438.2
428,429.8
445,424.1
442.35,449.6
443.25,441.3
442,441.1
439,441.9
442.1,438.7
432.5,442
425,430.05
431,424.1
433,429.75
432.95,430.5
435,433.35
440,429.7
439.5,444.5
436.9,436.15
429.1,433.8
415.7,427.4
425,413
420,419.3
440,420.25
454,443.15
449.7,451.9
452,442.5
470,469.35
461.1,469.7
457.1,459.2
459,456.1
446.8,455.2
446,444.15
445.7,443.85
445,442.1
434.9,438.9
447,432.25
455.8,443.75
468.5,453.25
465.9,461.6
467,464.3
474.9,465.2
465,469.9
460,462.95
465,457.75
510,463.95
512,519.3
482,509.25
467.5,481.45
474,464.6
469.6,471.2
470,467.6
487.9,475.55
486,483.8
490,482.25
471.35,485.7
465,467.4
455,461.6
458,452.35
465,455.9
470.15,463.75
465.6,468.65
472.5,465.6
480.2,471.6
484,478.4
478.5,482.3
483,476.5
479.8,481.3
481,477
468,478.35
467,469
463,465.1
470,454.55
465,467.4
439,459.25
436.2,435.9
440,435.65
453.4,440.4
482.7,453.4
491,482.4
492,491.5
495,488.9
474,492.9
470.2,468.1
473,468.2
479.7,467.95
478.5,477
478,475.8
485.15,482.25
472.2,483.05
476.95,471.45
475.45,472.7
465,475.45
473.5,463.4
484.9,475.95
488,481.95
490,485.85
499,490.95
504.1,497.15
504.5,502.55
497,501.3
497,493.85
511,497.35
494,506.05
491,492.7
491,487.2
490,489.95
504.9,490.45
501.85,498.35
504,500.45
507,501.35
518.4,508.9
506,516.1
521,507.85
513.2,501.7
502.55,508.7
513,515.7
512,511.35
520.1,511.3
506.2,516.5
519,506.8
529.9,517.8
525,526.35
542.4,536.9
531,537.35
540,523.35
535,534.5
521.25,535.65
511,518.95
515.05,515.65
505,512.65
496.7,507.7
513,496.7
500,502.75
484,496.65
491.25,488.55
505,498.15
508.5,504.4
503.3,507.9
505.8,501.85
497,501.2
525,496.7
525,524.8
520,521.9
514,521.6
506,513.5
509.8,505.8
497,501.75
509,496.2
519,506.6
541,517
528.5,527.85
517.35,526.4
504.4,517.35
517,506
510,515.25
511.5,508.25
520,512.55
535.85,518.65
536,533.15
528.5,531.5
518,524.9
515,516
509.9,517.5
505.5,510.95
502,504
511,511.05
520.15,509.6
496,511.2
497,495.75
500,496.8
499,497.75
497.1,496.05
496.8,496.5
485,494.95
482,479.1
485,483.55
469,487.1
484,458.95
494.9,477.5
506,493.4
515,510.7
521,519.05
510,520
525,514.65
528,526.6
555,522.75
557,547.3
542,563.85
555,537.4
535.1,542.2
520.1,533.3
520.5,510.1
509,514.85
510,518.6
539,495.75
515,532.4
489.4,512.25
482,489.4
464.5,478.35
477,466.85
463.55,477.1
421,461.95
395,413.7
390.45,384.95
420,390.45
456.7,426.7
425,456.25
458,425.6
477,460.8
492,479.8
525,494.2
485,517.6
525,489.05
540,516.7
564,547.5
541.55,561.3
509.95,538.25
480,513.25
515.15,481.5
466,510
510,472.8
555.25,503.5
600,545.45
576,612.25
583.9,573.25
645,585.7
638.35,644.1
672,638.35
661,667.85
648.1,659.85
649.8,644.45
660,640.75
668.9,655.35
672.5,664.55
649.55,670.65
640,645.35
625.5,634.4
655,639.05
625,654.2
653,623.05
655,653.1
645,654.55
608.15,644.05
592.05,609
599,589.3
565,594.75
558.5,565.45
580,559.05
543,579.15
543.8,541.7
540,541.8
543.1,542.1
539.5,542.75
523,536.4
524,522.25
522,522.1
520,521.9
495,518
486.1,493.3
470,485.05
468,469.25
468.55,468
464.9,467.1
471.65,462
460,470.1
460.55,458.1
455,460
455,454.9
450,451.9
469.75,443.8
477,467.7
461.55,473.25
450,454.35
448.75,449.85
425,442.3
422.25,430.7
425,421.65
420,422.9
413,419.3
404,411.1
397,403.05
385,395.35
393,386.3
389,391.5
385,387.6
391.55,383.4
389.8,391.95
395,388.8
409,392.1
406.45,408.3
401,406.45
399.95,400.75
399,400.2
406,397.85
400,404.25
398.5,395.8
365,395.65
365,363.45
354,363.75
359.9,357.2
361.55,362.55
350,360.6
345.5,351.1
356.5,348.45
370,356.05
370.55,366.7
369,369.35
377.5,371.65
385,379.9
380.1,384.1
382.55,380.45
388.15,383.55
378.2,386.15
382,379.1
370.5,380.3
372,370.05
374.8,371.45
369.7,375.5
372.8,368.8
382,368.7
376.5,381.35
371.5,375.3
381,374.05
370,379.8
370,367.85
379.5,368.4
370.2,378.2
365,370.2
357.4,362.75
346,355.45
345,347.7
352,349.45
354,351
357,353.5
352.5,357
350,350.7
349,349.2
346,347.75
345,344.55
342.2,343.8
343.15,342.6
345,342.55
350.9,342.55
360,350.9
369.5,360.45
369.1,369.4
368,366.9
365.5,367.35
373,365.35
365,371.3
363,363.85
361.75,363.45
370,362.25
347.9,363.9
342,347.7
342.5,340.2
336,339.05
339.85,330.95
348,338.65
352,347.05
354,350.2
360,352.55
360,367.25
365,358.45
365.1,361.4
384.55,373.6
380,383.9
377,379.05
392,376.5
390,393.85
395,388.7
400,395.25
425.1,403.9
437.15,424.45
427,433.15
425.6,426.05
419.1,423.5
418,418.6
419.5,417.6
419,416.5
405,416.15
402,403.05
419,401.9
429,418.75
427.55,428
423,428.85
415.5,421.9
408,413.7
407.9,405.3
413.8,408.25
410.5,411.4
407.1,409.45
406,407.75
406.3,405.8
407,404.85
398.5,405.3
391,393.45
392.95,390.65
381,390.95
392.15,384
388.4,389.3
377,383.1
387.9,375.8
396.8,383.65
403,392.8
415,402.55
420,408.55
414.75,414.1
406,409.2
408.9,402.25
400.55,403.4
394,398.2
395,388.15
390.55,387.55
390,388.2
368,383.85
374.1,368.1
364,373.45
367,364.45
372,368.15
392,375.4
385.55,389.6
381,385.35
368,379.05
372,369.75
371,371.35
365,369.8
361,362.85
355,356.95
360,350.35
370,355.2
370,359.4
368.25,361.45
357.5,361.1
350,354
350,349.95
346,346.95
343.8,345.8
340,343.95
346,340.1
342,346.5
360.9,342.3
364,360
366.15,363.4
379,365.45
358.9,363.8
347.55,357.25
342.7,348.4
340,340.6
341,339.2
335,339.6
332,334.15
334,330.8
338.6,334.4
340.5,337.9
340,339.1
339.9,338.8
350,349.25
349,353.05
348.6,349.8
355,348.6
363.5,356.25
360,362.85
365,360.85
357,362.6
354,355.9
357.85,355.1
353.8,357.85
355.6,351
358.25,355.55
360.5,356.95
354.2,357
364.9,353.8
360,362.9
358.5,359.6
358.5,358.3
357,357.4
365,358.7
356,363.15
355,353.85
356.25,354.5
345,354
346.25,343.45
343.75,345.2
347.2,340.8
349,343.45
359,349.85
363,358.7
361.5,363.4
372,361.6
362.9,368.8
349,363.4
360,346.95
363,354.2
378,366.25
390.5,380.9
384,388.7
381,381.1
387,381.25
393.1,385.75
384,390.35
398,382.4
411,393.6
404.9,409.25
399.95,400.9
402,396.4
420.2,401.4
416,418.35
411,413.05
417,408.35
431.9,417.4
435,431
430.5,434
440.25,431.05
445.15,440.05
438,443
441,437.6
432,440.8
433,431.15
435.3,432.05
435,436.8
431,434.95
433,428.8
430,430.55
422,428.55
425,421.05
411.8,422.4
413.55,409.8
415,412.55
414,413.45
409,412.75
415,408.45
418,413.85
407,411.85
403.5,406.5
405.45,401.75
400,404.45
400,398.9
400,398.2
398.9,400.25
403.95,395.9
400,399.3
398.1,397.05
384.55,395.85
385.2,383.65
387.8,382.3
384,386
373,380.6
371,371.5
359.1,368
354,360.4
350.55,351.75
344.95,348.4
348,343.95
350.8,344.8
358,348.5
346,356.7
352,344.15
359.95,349.25
367,358.1
358,361.15
368.4,355.4
382,368.7
388.75,386.85
391,387.25
388,385.45
388.9,385
394.65,386.5
378.15,390.95
355,374.05
348.4,359
340,346.2
343,339.8
340,341.75
334.9,338.75
330.5,333.45
333.45,330.5
324,332.55
325,327.25
318,323.3
320.5,318.25
320,319.5
325.25,318.2
331,326.65
331.5,330.7
330.55,327
330.2,330.9
325,327.8
323,323.4
311,322.8
314.7,310.9
312.1,312.5
315,311.6
305,310.15
313.1,307.7
310.9,311.55
312.15,310.05
308,309.4
307,307.55
309.35,306.85
303,307.55
304,300.65
299.9,302.05
295.7,298
301,295.7
294.4,298.85
294.6,292.75
291,293.3
296,287.65
294.9,294.6
290.25,291.65
280.05,289.45
284.5,279.55
286,283.65
289.9,285.15
284.55,288.5
286,284.55
285,284.55
293.9,284.4
301,294.35
302.9,300
301.55,300.45
302,301.85
292,300.05
296,289.9
298,293.55
295,295.85
295,291.95
290.1,288.95
288,289.85
289,282.4
290,288.7
287.9,289.35
290.1,287.6
290,288.35
283.9,290.4
280.75,284.5
275,279.5
266,273.4
270,265.55
267.8,263.85
268.4,267.8
257.9,263.6
270,256.8
258.95,258.45
253.4,255.55
253.8,252.75
253,250.4
249.9,248.15
255.4,249.6
250.45,251.9
244.05,249.75
246,243.05
250.8,245.5
250,248.35
259.8,248.35
256.2,245.15
269.5,259.7
260,266.05
270.5,261.8
268.35,269.9
256.5,266.15
262,255.75
256.1,257.95
274.8,258.6
404.7,406.35
405.65,403.5
408.25,403.75
402,407.65
397,398.2
391,396.2
391,391.25
398,392
381.35,392.65
378,378.1
390,378.55
363.9,373.9
366.8,363.95
364,363.45
346.8,356.65
348.8,344.45
335,345.5
329.7,338.85
313,327.2
309,313.65
316,307.55
308,314.5
288,306.65
317.3,296.35
314.6,316.2
302.9,313.25
306.85,302.35
304,304.3
307.8,306.75
307.65,300.8
303,305.6
298.95,302.95
276,295.95
271.55,274.75
281.3,270
277.15,279.6
265,278.05
286.7,280.3
286,288.8
290,283.3
273.6,287.85
285,272.9
310,289.95
295,298.7
301.4,298.1
305,297.75
319.9,308.75
295,315.45
320,297.85
303,311.35
310,302.4
299,296.25
311,302.7
325,318.95
336.7,328.65
335,332.9
332,333.45
333,328.7
317,320.55
302.3,315.1
259.8,293.6
300,262.55
320,288.6
304,318
310,315.7
325,307.3
340,332.25
367.8,345.85
360,366.3
355,355
344.45,349.9
355.5,342.5
369.8,357.8
382.9,368.4
390,384.15
401,379.2
417.5,409.35
425,409.95
400,412.8
395.5,398.45
396,391.45
400,395.5
396,395.9
410,393.8
397,403.55
403.3,396.25
394.4,400.45
397,393.1
410,396.9
407.8,406.3
400,403.45
384.8,392.95
382,383.5
380,382.1
380,379.55
378.9,375.75
359.75,371.75
363,356.25
364.4,363.65
388,365.15
386.3,388.25
394,384.6
395.8,395.5
383.4,392.05
422.2,388.5
415.8,421.65
432.7,418.45
441.7,434.35
450.05,441.85
442,449.8
426.5,442.6
441.5,429.1
440,440.6
433.4,436.35
425.55,429.7
426,423.55
442,426.55
432.8,443.7
435,431.55
436.4,441.5
452,435.45
455,449.85
443.5,453.6
442,443.8
428.7,439.3
431.8,427.05
417.7,430.15
425.3,416.3
417.45,423.2
407.4,413.7
418.95,403.75
400,416.1
409.75,386.05
435,404.45
439.7,429.95
444.9,436.7
431.7,443.45
403.9,427.35
419,394
436.8,417.35
460,438.15
460,457.2
442.7,436.15
458.2,442.9
453,456.5
443.9,448.9
445,444.55
450,441.4
445,446.35
434.9,442.45
444.9,430.5
455,441.2
453.8,451.45
450,445.65
434.9,444.05
444,428.55
420,440.55
413.9,424.5
396.1,411.85
402,395.85
398.7,400.9
399,395.55
385.25,396.25
388.4,383.95
390,386.45
385,391.8
369.5,378.65
371.9,365.55
370,367.55
370,364.2
357.25,362.15
370,355.3
366.75,366.2
372.2,366.5
374.4,370.85
368.5,370.15
356,361.05
360,353.2
360,352.2
355,348.35
344,344.3
360,336.5
354,344.7
364,355.3
357,364.6
351.9,354.6
359,350.35
367.4,356
368.4,364
380,365.9
364,369.4
378.4,364.9
372.8,374.4
371.1,368.55
390,370.9
361,379
350,358.45
332.45,347.9
332,330.6
331.8,329.05
346.05,328.7
350,345.65
338,341.5
342.5,337.45
335.85,341.45
344.1,333.95
357,344.25
359.95,355.95
345.85,358.7
329,343.5
343.5,326.15
320.5,341.5
320,318.9
310,311.35
304.25,304.1
297.5,303.55
283.5,291.85
274,281.75
271.65,269.8
270,271.7
265.1,268.65
262.15,265.85
259.05,260.85
258,259.05
246.5,255.95
249,246
252,256.4
260.8,250.15
264.6,260.5
246,262.7
251.55,245.6
258,251.2
263.4,258.6
258,259.35
267.2,257.85
268.7,265.3
261,267.7
253.5,258.3
253.5,252.4
254.3,253.35
253.5,254.55
246.95,252.1
254.25,245.85
257.55,252.75
241.25,256.1
255.8,239.8
247.9,253.3
245,247.25
252,243.15
261,250.9
246,258.65
243,243.05
237.5,240.25
240,236.45
234,237.15
226.15,233
217.9,224.75
215,217
221,216.05
210,218.55
210,214.35
210.5,208.15
211.45,208.85
205.9,210.75
202,203
191.8,197.8
188.25,190.95
186.25,186.7
189,186
197.5,190.6
193.1,197.15
199.5,194.7
194,198.8
193,191
186,190.4
180,183.85
173,177.3
175.1,172.15
178,174.7
172,175.5
172.15,172.75
176.5,172.35
171.45,173
170.3,170.3
168.45,169.15
160.4,166.75
163.5,158.8
160.35,161.6
158,159.6
158,157.9
157.5,157.35
153.75,157.1
152.8,153
148.95,150.7
150.75,147.8
150.65,149.95
152,150
153.5,150.9
156.1,150.8
154,155.75
160,161.85
157,159.2
156.2,156.05
158.9,155.5
158.5,157.25
154.75,157.8
148.9,152.95
143.8,146.6
147,142.35
145.85,145.95
143.85,145.3
142.2,142.95
140.9,141.2
137.9,140.3
139.1,138.95
139.5,138.8
137,139.4
135,136.45
133.6,134.8
134.55,133.8
131.75,133.9
134.1,131.95
136,133.85
135.45,135.65
133.6,135.45
132.7,132.35
131,132.2
132,129.75
125.65,131.15
127.65,128.05
127.85,127.75
131.5,128.35
133.5,131.8
131.05,133.4
128,131.9
132,134.2
135.1,131.1
139.95,136.85
141,139.1
141.75,140.45
144,141.85
141,144.65
139,140.5
138.8,138.4
136.1,137.6
133.9,135.3
132.5,133.75
135.85,133.8
137.5,135.15
138.25,137.7
137,137.8
144.5,138.1
141.9,143.9
139,140.9
135,139.35
136.05,135.75
138.4,134.3
137.9,135.15
137.1,137
133.9,137.5
139,135.1
141.4,137.9
147.9,142.1
146,147.1
148.1,144.75
151,148.45
151.5,150.1
148,149.05
149.75,147.7
152.1,148.95
153.75,151.75
155.4,151.7
156.8,153.8
156.95,156.15
154.8,155.5
152.25,153.3
156.9,151.1
154.8,154.15
155.6,154.5
151,154.6
157.1,157.5
154.75,156.4
154.5,154.45
157,154.4
154.5,155.5
152.5,152.15
160,152.6
155.5,154.5
153.8,154.5
156.1,153
162.9,155.95
157.3,161
160,157.85
156.25,158.7
154.1,155.2
151,153.45
148.7,150.4
150,148.65
150.45,149.5
150.1,149.75
151.2,149.65
149.8,150.55
147,149.35
146.65,146.55
149.8,145.65
150.85,149
153.5,149.8
152.1,151.25
149.55,151.5
149,148.8
148.5,149.6
145,147.25
144.5,144.8
143.9,144.35
139.9,142.75
140,139.45
138.4,139.8
139.3,137.55
142.25,138.5
140.5,140.95
140.2,138.1
140.1,139.05
138.05,139.45
143.1,137.85
137.25,141.05
136.5,137.1
136,135.75
139.95,136.25
140.4,138.95
137.75,139.55
135.5,137.15
138,134.7
135.5,137.65
133.5,135.15
133.7,133.25
132.5,132.1
131.4,131.45
127.7,130.45
124.5,126.7
125,123.85
125.75,124.4
123.15,125.25
126,123.65
126.35,125.55
126.7,127
126.2,126.7
125.8,126.6
126.9,124.15
122,125.25
119,116.65
115.5,118.25
117,115.7
116.55,117.25
119.5,117.5
121.95,119.35
120.75,120.05
120.5,119.9
122.2,119.35
122.05,121.25
123,122.35
121.35,122.1
122,120.65
119.15,120.55
120.5,119.75
121,120.05
118,120.75
117.75,118.1
117.1,117.3
115.75,116.5
116.2,116.1
116.5,116.8
116.6,115.6
115.05,116.45
115.6,116.5
117.7,116.2
116.5,117.4
118.5,117.55
120.4,118.9
121,120.7
121.8,120.3
120.25,121.3
121.95,120.55
121.75,120.75
122.15,120.9
126.65,122.1
123.85,124.65
121.1,122.95
124.5,122.65
124.6,124
119.9,123.6
120.5,119.1
121.45,120.45
123.25,120.2
121.8,122.55
122.15,122.15
121,121.3
118.8,119.85
119.2,118.35
119.1,118.65
119.9,119.05
120.25,118.15
120.75,120.3
118,120.15
118,117.8
124.55,115.4
125,123.7
123,124.3
122.05,124.55
121,121.4
126.25,122.4
119.25,125.2
125,118.85
124.9,122.75
132.1,124.15
133.8,131.7
135,131.35
132,130.2
135.05,134.1
136.6,136.2
140,136.9
135.7,138.1
137.5,135.6
143,137.3
143.15,143.55
141.5,141.5
143,141.8
143.9,142.8
146,143.3
145.5,144.4
141.9,144.9
141.5,141.1
144,142.45
142,144.6
137.5,140.5
132,137.85
135.2,131.8
135,135.2
130.8,132.55
128.1,129.85
129,127.95
131.75,128.6
135.75,131.85
133.1,134.1
129.8,132
131,128.95
127.9,130.3
130.5,128.7
121.8,127.25
119,119.85
122.5,120.15
121.5,122.75
119.05,120.35
112.9,118.65
106,109.75
106.8,107.05
106.5,106.4
110.9,105.5
113.85,112.55
104.6,112.3
108.5,105
111,108.75
115.05,111.8
117,116.1
117.5,117.5
115.9,117.8
118.5,117.1
117,118.15
117,117.35
120.05,117.1
122,119.8
119.75,120.7
118.05,118.4
114.9,118.5
115.25,114.35
113.1,114.7
112.1,111.2
113.5,112.35
113,113.45
110.65,111.8
109,109.8
108.5,109.05
111,109.15
111,110.35
105.45,110.25
103,104.75
103,102.15
105.5,103.3
103.9,104.95
102,103.3
100.7,100.9
100.8,100
100.35,99.95
100.75,99.05
99,99.7
100.5,99.25
98.3,99.6
98.4,97.85
97,97.65
100,96.8
99.8,99.7
101.1,99.95
101.4,99.95
102.5,100.1
103,101.45
102,102.55
101,100
100.5,99.95
99.8,100.2
101,98.45
104.5,101.8
105,103.2
103,103.7
104.95,102.1
110.5,106
108.9,109.7
104,106.15
111.25,105.55
112.45,110.8
113.3,112.05
112.25,112.65
103,113.15
103,103.4
104.5,103.2
108.5,104.75
111,107.95
106,109.8
105.2,105.25
105.25,104.3
104.4,105.2
101,103
100.7,100
101.9,99.9
100,100.9
100.4,98.15
100.95,99.9
101.6,101.5
101,100.5
96,99.85
97,95.6
94.95,96.7
98,94.6
104,100.25
105,103.6
112.9,107.7
108.15,113.6
108.9,109.1
103.9,107.65
102.1,103.8
103,100.95
101,101.85
104,100.05
101.1,103.85
99.75,101.15
99,98.8
97.95,98.5
92.95,95.2
88.75,91.45
86.35,87.8
88.35,85.8
85,87.2
79.9,85.05
85,80.4
88,83.75
90.5,87.05
92.65,89.55
88,92.5
90,89.3
91.5,89.8
92,91.95
97.1,92.2
96.85,95.95
95.95,96.85
93.4,95
90.4,93.65
95,90.2
94.9,92.05
92.5,93.95
90,92
91,89.8
92,91.75
96,92.1
92,94.4
92,90.85
91.15,91.45
86.5,90.05
88,87.45
86,87.2
85.25,85.35
88,85.75
84.9,85.05
83.45,84.7
79.65,82.2
79.65,77.95
80.5,78.45
79.35,78.85
76.9,77.85
76.2,76.85
75.65,75.1
76.75,75.3
79,78.15
80.25,80
79.05,79.8
79,79.55
80,79.85
80.5,78.95
79,79.05
76,79.45
75,76.4
73.2,74.25
71.3,73.7
73.5,71.2
73.3,72.55
71,72.85
72.2,71.8
69,71.95
70.3,72.3
70.6,70.3
68.8,69.8
70.4,69.65
68.25,69.55
68.9,67.15
72.05,71.45
74,71.65
70.2,72.5
70.05,70.65
71.2,71.85
75,71.2
72.75,73.95
76,71.55
81,76.25
82,80.9
77.9,81.05
84.25,83.85
85.4,83.85
84,84.05
82.95,84.25
84.5,83.15
78.05,83.55
80.5,78.65
82.15,80
82.75,82.15
84.5,82.45
86.3,85.05
87.5,86.35
87,86.75
88.9,86.95
90,88.85
90.95,89.4
91.2,90.2
90.85,90.55
91.15,90.75
91.4,90.95
92.45,91.95
91.15,92.2
90.4,91.75
93,92.1
92.5,92.85
93,92.7
91.3,92.3
94.4,91.8
90,94.05
89.2,90.1
90.6,89.9
92,89.9
92,90.8
93,91.25
92.05,94.1
93,92.95
95,92.55
99,100.1
103.9,99.25
102.75,103.9
106,101.25
101,104.6
102.95,100.1
98,104.65
100.6,97.3
104.75,101.6
109,105.75
109.1,106.3
117,111.7
120,119.85
117.9,115.8
121.35,117.45
119,120.45
117.7,118.65
117.9,117.25
120,117.65
122.85,121.15
126.5,123.75
123.7,125.6
124.9,123.5
125.9,125.9
129.7,128.2
132,130.05
133.35,132.05
133,132.8
131.8,132.05
133.75,131.3
136.9,133.95
137.75,137.75
142,137.75
142.25,140.7
142.5,141.6
146.25,143.05
146,145.7
141.95,145.3
141.5,140.2
140.2,141.35
141.55,141.15
141.8,141.2
140.75,141.1
139.5,141.25
136.75,138.65
129.25,129.25
127.5,127.35
133.8,128.7
135.95,132.8
135.85,136
137.5,135.3
138.3,136.75
138,138
133,136.7
134.5,134.9
135.8,137.6
132.1,134.8
133.25,133.25
147.5,139.2
136,145.95
134.5,135.55
135,135.4
137,133.7
132.9,137.25
125.6,132.8
121.5,126.75
115,121.55
121,114.55
126.2,121.6
127,124.9
125,126.7
119.5,124
119,119.2
116.35,119.75
122,115.85
128.5,122.35
130.7,128.3
130.5,131.55
133,130.45
135,133.45
135.4,132.95
135.4,134.25
131.05,136.85
135.45,132.15
125,134
132,126.7
121,134.1
113.9,124.65
130,112.1
141.9,132.1
149.1,139.8
149.2,151.25
150.9,148.8
154.5,154.5
163,157.15
155.5,163.65
159.7,154.5
155.3,158.85
153.05,154.5
157.15,157.15
160,155
158,159.4
158.5,158.5
150,155.35
159,153.35
159.25,158.25
158.05,158.6
158.25,158.5
164,158.1
159.1,163.05
151,158.65
152.5,151.7
149.7,152.4
141.95,149.4
137,142.85
137.1,136.15
136.2,136.75
128.5,135.6
128,128.5
131,130.2
131.6,131.7
130.4,130.95
127.75,129.65
128,127.05
125,127.95
132.4,124.85
133.65,131.95
129,133
126.9,127.55
127.35,126.8
129.75,129.75
129.5,127.2
132.8,129.2
135.25,132.8
137,134.4
134.4,135.95
133.1,135
131.5,132.55
124.4,130.1
122.8,124
121.4,122.1
123,120.95
125.5,121.45
124.25,124.75
126.05,125.4
124.6,126.9
124.25,124.25
126.75,122.5
128,127.45
126.1,128
129,126.75
131,129
129.6,130.5
125,129.4
127.5,125.85
126,127.05
122,125.25
122.5,122.75
118,122.8
121,118.6
119.4,121.3
118,120.5
111.9,115.75
110.3,111.55
109.9,110.5
108.1,109.45
109,109.25
106.4,107.45
108.8,107.05
108.5,108.45
104.6,108.3
98.5,103.95
105.4,102.3
106.5,105.7
106.75,106.75
105.5,106
107.9,105.7
104.5,106.25
99.4,104.45
97.5,99.15
96.05,96.95
100.1,95.9
100.95,99.65
101.15,100.65
95.6,99
96,95.75
103,96.6
99.4,101.15
90.95,97.95
88.5,90.35
88.55,88.3
91.7,89.2
86.4,88.8
87.6,87.1
91.8,87.9
97,92.35
97.4,96.15
97,96.15
99,97
95.3,98.2
93.6,95.9
95.25,94.05
96.1,94.4
95.35,95.45
97,95.5
96.4,96.55
99,94.55
99.3,99.8
99,99.75
101.3,97.6
104.2,101.7
106.7,104.3
108.4,106.3
110.25,107.75
111.4,109.75
112,110.8
112.65,110.95
113.05,112.85
112,113.35
111.9,111.7
110,111.15
110.05,108.6
110.5,110.1
110.85,110.2
110.8,110.85
110,109.6
111.85,110.4
112.7,111.95
108.9,112.35
108,107.9
106.2,106.15
108,106.55
106.5,107.75
104,104
109.5,107.25
112,110.5
111,111.95
109.1,110.35
113.1,108.9
115,113.25
117.9,114.7
118,117.55
119.1,118.05
117,119
117,117.75
115.5,118
122,115.8
115,120.9
122.5,116.1
136,124.6
135.9,136.1
140.3,134.75
143.8,141
141.5,143.15
140.1,137.8
137,137
139.35,140.35
135,138.75
135,135
128.05,132.85
126.25,127.5
128.5,126.7
127.7,127.4
122,126.05
120.55,118.2
121.95,121
120.7,121.75
122.75,121.4
122.1,121.7
125,122.15
123,124.15
127.6,123.2
130,127.4
130,128.7
127.5,129.75
129,126.95
129,128.15
129.25,128.45
134.95,130.35
132.7,132.1
131,132.5
133.5,129.95
131.9,133.75
139,130.45
120,133.3
121,119.05
122.75,122.75
116.5,116.8
115.95,115.75
114.1,113.7
119,114.5
115,118.5
114.6,116
112.5,114.6
112,113.5
106,112
103,105
102.15,102.45
99.25,101.9
103,99.5
103,102.4
106,104
105,105.8
108,105.5
105.8,106.95
103,105
101.5,103.5
111,102.4
113,108.5
115,111.8
111.5,115.25
111,109.75
117.9,111
115,116.15
117.9,115.75
114.5,117
107.9,113.55
115,112.8
116.15,115.9
119,117
125.15,119.5
115.05,122.75
118,114.5
111.9,116.95
119,111
117,118.95
107.1,115.9
104.5,108
106.5,105.2
105,107
106.5,105
104.6,104.4
109,103.5
109.75,108.5
113.8,108
105,108
101.5,105.9
92.45,98.25
94,91
96.5,92.05
90.9,95.75
99,90.9
104,98.8
112,103.7
112.5,106.3
123.9,113.9
122.8,123.8
134,123.75
130.9,134.5
128.5,126.5
128.9,127.5
135.9,127.2
135,134.9
134,134.15
135.9,132.25
135.5,135.1
135,134.75
136,134.5
140.5,135.9
150.15,150.15
143,141.5
144.65,142.95
140,143.5
141.5,139.9
139.75,139.05
141,139
143,140.05
140.9,141.75
145,140
147.05,143.7
150.75,147.75
150,150.45
162,151.5
161,160.4
171,160.8
176.9,170
167.4,175.9
165.8,166.5
159,159
166.4,158
160,166.2
181,165.55
177.3,179.9
166.55,169.8
157,168
151.5,156.85
154,151.85
147.9,152.9
143.8,141.6
141.6,143
140.2,141.25
144.4,140.25
147,143
150,145.75
143.9,148.8
143.9,143
140.9,143.35
141.9,138.5
142.4,140.3
140,141.55
143,140.75
144.9,142.25
145.8,143
145.8,144.55
148.9,144.5
144.9,148.3
144.9,144.35
145.3,141.25
142.9,144.4
142.3,142.7
145.55,142.6
147,144.7
154,147.85
153,153.25
140.8,151.15
142,140
141,140.65
139.4,140.9
141.5,138.6
138.5,142
142.1,139
140.5,141.25
143,141.1
144,142.5
145,143.9
142,142
138,141.7
148.5,139
135.1,147.35
151,136.45
152.55,147.5
156.65,152.55
170.75,157.7
167.5,170.25
164.4,167.9
146.9,159.25
154.5,147.5
147.7,154
144.9,146.9
154.25,142
152,154.1
156.5,152.7
157.2,159.5
164,156.5
147.9,158.5
140.8,147
141.25,138.9
141.2,142.7
142,141.4
147.4,140.1
143.9,144.7
139.7,143.8
138,139
144,137.4
139.3,142.25
137.55,138.8
138.05,137.2
139.15,138.1
148,139.2
140.55,142
146.75,141.55
149,145.95
156.95,148.2
153.9,153.8
154,153.6
162.05,154.3
167.1,161.5
159.5,166.9
156.55,156.4
160.1,156.5
168.4,161.2
171,168.15
171,171.1
156.25,168.3
155.3,155.95
163,153.25
159.9,162.6
151.1,157
141.1,145.4
145.5,141.75
139,145.1
138.35,138.95
141,137.25
143,137.85
142.8,141.8
137,141.5
141.95,138
136,141.9
134.25,133
139.2,133.25
133.9,138.4
133.3,133
138.95,134
138,137.1
140.7,138.7
146.5,139.9
142.1,146.8
145,142.15
146.4,145
148.1,146
149.05,148.5
150,149.5
161,150.2
154,159
172,158
164.9,171.5
173,164
167.5,172.9
154.7,164.3
154,154
156.95,153
161.5,156.5
152,160.35
144.5,148.5
140.5,143.9
139,140
141,138.8
140,139.8
143,139.5
139,143
148.5,140
151,147.5
149,150.3
137.4,145.95
132.75,136.05
128.1,132.5
126,127.1
116.55,125.4
118.1,119.05
122.6,119.7
123.65,122
120.1,123.5
122.95,121.5
110.8,118.75
109,110
108.5,108.2
109.6,107.5
105.5,109.6
107,101.5
109.1,107.2
115.8,110.5
110.2,114.6
110.9,110
122.5,114.2
126.9,123
124,126
123.5,123.5
121,121.9
115.2,120.05
106.5,114.25
110,106.9
106.7,109.5
103,106.1
100.4,99.1
94.8,99.75
96.7,95.5
92.8,97
89,92.9
77.6,80.3
74.5,78
78,75.6
84.1,82
87.6,83.8
88,87.4
88.5,87
87.85,88
100,86.9
86.4,93.5
89.2,87.15
89.6,90
90.05,90.7
94.8,90.7
96,94.2
96.8,96
93.8,97
99,94.9
104,100.8
100,103.7
103,101.3
102,101.5
108.1,107.2
110.4,108
111,110
113,113
111.3,109.7
112.7,111.6
116,112.2
115.4,113.5
116.5,114.2
115.2,116.4
115,114.7
119.7,111.7
117.5,117.5
120,117.6
119,119.1
123,117.9
129,123.6
125.2,125
124,124.6
123.7,124.1
123,123
127,124.5
125.5,125.6
127,124.5
126,126
121.5,126.7
120,120.7
117.5,117.5
118.5,116.8
114.5,118.1
113.5,114.9
118,114.2
118,118.4
116.9,117.1
113.9,116.6
113,112.5
115,113.1
114,115.5
116.8,113.3
109.5,117.6
111.3,109.1
111.1,111.1
112.9,111.7
118,112.9
121,119.1
126,120.6
123.4,125.2
127,123.9
132,126.8
134,133.1
126.5,129.8
125,126
122.9,124.6
121,122.5
116,121
117.8,123.5
120,117.4
122.8,121
116.6,122.7
115,117.4
107.7,113.2
109.5,107.8
107.9,108.8
104.5,104.5
96.5,97
100,96
99.1,100.85
100.1,99.7
104,100.5
97.25,103.1
97,96.9
98.2,96.4
96.5,98
94.5,96.5
92.5,92.5
91.5,90.5
91.5,91.5
85.8,90.5
84.55,85.8
86.9,84.3
90,86.5
91,90.25
92.3,92.5
92.25,92
97.5,94.1
95,96.45
95.5,95.5
91.5,92.7
91.5,91.05
88.9,92
88.9,89
89.7,88.25
89.65,89.6
90,89.4
87.4,86.7
84.3,86.8
81.8,84
82,81.45
80.1,81
77.1,80.55
81.4,78.05
80,80.45
76.9,78.8
72.1,73
75,72.4
76.5,75.5
79.1,76
81.15,79
83.1,82.1
83.75,82.5
85,83.75
85,85.05
89,84.7
86.9,88.7
85,86.65
90.1,85
93,92.1
96.75,93.25
99.5,96.65
97,97
96.9,97.4
97,97
97,96.3
98,96.4
94,97.1
94.7,94.05
94.65,94.75
93.5,94.5
93.5,94.25
92.5,91.2
93,93.45
95,93.45
92.5,94.15
91,92.4
88,87.95
87.75,87.2
87.8,87.6
89.3,86.8
91,90.05
92,92
94,93.45
95.25,95.2
95.5,94.5
95,95.1
93.4,95.7
92.5,93.2
93.1,92.15
96.2,93.8
96,94.5
93.05,96.15
95,95
98.5,96.5
100.1,99
100,100.2
103,100.5
98.25,103.5
99.5,98.75
100,99.3
106,102.5
107,104.6
105.5,105.6
101,106.2
104,101
110.1,104.7
122.6,113.1
123,122.9
125.8,123.6
127,126
128.2,128
127.5,129.4
128,127
127.9,127.7
132,127.3
126,130.9
125,125.2
123,124.3
124.3,122.8
122,124
122.6,119.2
123.7,122.9
127,123.4
127,125.9
124.7,127.4
127,123.1
127.2,126
121.1,125.6
120,120.8
116,116
125.5,122.8
135,127
128,134.4
128,125.5
135,128.1
139.2,139.2
135,135.5
143.1,135.6
147.5,144.7
150.9,146.8
156.6,147.8
161.9,157.5
155,161.7
151.5,155
157,150.8
136.2,150.1
143,136.5
145.2,143.3
148.8,146.2
148.2,149.5
151,150.5
155.5,151.7
156,154.4
152.6,155.5
151.8,152.7
152.5,150.9
149,152.2
152.6,145.7
153.2,153.1
154.8,155.9
160,156
155,159.4
152.7,155.8
150.4,151.1
150,152
158,155.1
153.5,151.1
161,154.8
164.5,161.5
163.1,163.3
163.1,163
161.7,163.4
165,162.1
165,165
162,161.8
162,163
165.5,163.6
166.1,165.9
160,160.8
153.7,156
152.1,152.1
149.6,152
149.1,149.2
155.5,149.5
148.7,151.4
149.1,148
153.8,153.6
156.1,153.9
160,156
146.9,147
147.5,145.7
141.9,143.5
138.5,145.6
137,136
136.5,135.2
141.1,137.2
138,141
134.3,134.3
133.5,133.9
135.1,133.9
134,134
137.5,132.1
136,136.7
126.9,132.3
122,126
122.7,122.8
121.6,122.8
120.4,120.4
122,122.2
120,119.9
124.9,123.2
121.4,121.4
120.8,122.3
120,120.7
121.6,120.1
122.5,121.2
122.5,122.5
125.1,123.75
123,123
125.85,123.9
127.2,127.2
126,126.75
121.65,123.6
122.4,122.1
126,123
126,125
126.25,126.25
128.25,129
130.75,129
127,130.25
125.5,126.75
123.5,125.25
126.75,124
124.5,125.25
126,123.75
133.5,129.5
138.5,134
140,138.75
141,141
144.5,142
136,141.5
134.5,134.75
134,134.25
137.5,134.5
132,137.25
130,131.5
130.75,130
130.5,132.5
130,130
127.25,127.75
128,127.25
129,128.5
127,128.25
123.25,127.25
121,123
118,120.75
119.5,118.5
122.75,120.25
123.75,122.5
127.25,123.25
128,127.25
129.5,128.75
129.25,128.75
129,129.5
134.5,130
131.5,134.5
131.75,131.75
127,131
135.5,126.25
146.25,138
149,148
151.25,149.75
154.5,152.25
153.5,154.75
154,153.25
157,154.25
160.75,157.5
161.25,160.5
162,161.25
162,162.5
161.25,162.5
160.25,162
160.75,159.75
162.25,160.75
168,161
169.5,169.75
172,168.5
175.25,172.5
179.5,175.5
184,180.25
187,184.75
186.75,185
186,185.5
178.25,184.75
176,178
180,175.75
173,174.75
170,172.25
171,171
167,170.75
167,167.75
171,166.5
172,171.25
174.5,172.75
174.75,174.5
174.5,174.25
172.75,174
173.5,172.75
171.75,173.25
174,172
179.5,174
181,179.25
183.5,181.75
184.75,183
182.5,184.25
183.5,182
186,183.5
185.75,185.25
186.5,186
183.5,185.75
183.5,183.25
184,183
185.25,184
185.5,185.5
181.75,187.5
185,180.75
191,185.5
194.25,191.25
190.25,192.75
195.5,190.75
205.75,196.75
204.25,205.25
203,203.75
206.5,203.25
207.5,206
216.25,209.25
213,215.75
216.5,210.5
222,216.25
223.5,220
222.5,223.25
219.5,221.5
219,217.75
220,218.5
214,219.75
211.5,213.5
214,212.75
211.5,212.5
216,212
209.75,215.75
204,209.5
202,203.5
208.5,200
207,209.5
211.25,206.5
206,210.75
205,205.75
215,213.75
222.75,216
215.5,221.75
213,213
220,214
222,218.75
214,218
204,211.5
193.75,204.5
182,191.25
185.25,182.5
189,185.75
192,188
193,191.25
196.25,192.25
197.5,193
193,196
189,193.75
182,188
183.5,181
178,182.5
176.5,177.75
171.5,176.25
169.75,170.5
171,170
174.25,171.75
174,174
175.5,173.75
175.5,174.75
174,174.25
169.5,172.75
167.25,169
168.25,167
168.5,167.75
168,168.75
177.5,173.5
178.5,177.75
178.5,178.25
179.5,178.75
179,179.5
173.5,176.5
174.5,173
172,174.5
173,173
176.5,173.5
178.5,176.5
179,178
178,178.75
183,177.25
182,179.25
185,182.5
182.25,181
184.75,183.25
181,181.5
186.5,182
176.5,185
181,176.25
175,178
166.5,169.75
165,165.5
161.5,163.25
162,166
167,164.75
164,168.75
164,161.5
164,163.75
167,166
166,166.5
157.25,161.75
165.25,160
184,177.75
182.5,184
184,183.25
188,184.5
185.25,183.75
181,184.5
188.5,182
190,188.75
192,190.5
187,188.25
192.25,189.25
194,192
199,191.5
201.5,198.5
207,204
214,208.5
208,211
205,207.5
209,207.5
192.5,192
183.25,189.5
180,182.75
182,181.75
186,182
190,187.25
192.25,190.75
194.25,193.75
198.25,196.5
200,199.75
193.5,195.5
194.5,193.25
195,194.5
194.75,198.75
190.5,195.5
186,186.25
183,187.5
188,181.5
178,185.5
180.5,178.5
188.5,181.75
198.75,197
212,199
211,211
196.75,208
191,189.25
186.5,190.25
185,186.25
194.75,187.75
187,190
211,189
192,205.5
190,194.25
184.75,189
189.5,185.25
186,189
190.5,186.25
181,189.75
182.75,181.5
178.25,181.25
183,179.5
168,182.25
162,163.75
166,163.25
162,165.75
158.5,161
160.5,159
160,159.25
158.25,158.75
153.25,153.5
159.75,153.75
150.75,160.5
151,150
153,151.75
153.5,152.75
147.5,152
148,147.25
152.5,149.5
153,152.75
155,153.25
154,154
155,153.5
160.5,155.5
153.25,160
157.5,155
160.5,158
167,160
171.5,167.75
168.5,171.25
166,167.25
168.5,166.75
167,168.5
167,166.75
166.5,166
165,165.75
171,165.5
175,171.75
185.75,176.75
184.25,181.25
191.25,186.75
191,190.75
195,191.5
186.75,189.75
194,186
176.75,192.75
177,175.25
172.5,172.5
169.75,172.5
172.5,170.5
168,171.75
174,171
170,173.5
164.5,169
165,165.5
163,164
171.25,165
170,169
171.75,171
172.5,171.25
166.75,171.5
169.5,167.25
172,170
174.75,172.5
172,173.5
173,171.75
176,174.25
181,176
175,184.5
183,179
182,183.5
187,183.75
188,187.25
192.75,190.75
195.75,192.5
192,195
200,193.5
198,200
195,195.5
195,195
188.5,191
189.25,189.5
188.25,188.25
193,188.5
184.5,193
181,183.75
184.5,180.5
187.75,187
186.5,186
186.5,186.5
191.5,187
190.5,189.75
200.5,192.5
188,199.75
187,188
192.75,188.75
189.5,188.75
199,194.5
186,199
184,183.75
188,185.25
186.5,188
190,191.25
199.5,191
225,203.5
235,230
237,226.5
228,233.75
225,225.5
229.25,222.5
219.5,229
224,221.5
226,226.75
218,223.25
230,219.75
233.5,231.5
233,230.25
227,231.75
236,229
240.5,236
240.75,238.5
248.75,242.25
243,248.5
248,243.75
253.5,250.25
256,256.5
259,253.25
256,260.5
262,256.75
260,263.75
265,261.5
255.5,262
255.25,255.5
256.5,255.25
252.5,255.75
255.5,253.75
253,257
257,254
250.5,251.25
254,252.5
247,253
243.5,242
242.5,237
231,242.5
228.5,227.75
234.75,230.5
236.25,235.25
234.5,234.5
234,234.75
231,234
241,234.25
241,242.5
246.5,243.75
240.75,240.75
234,242
234.5,234.5
212,219.5
224,220
220,227.25
232.5,226.75
241.5,235
247,241.5
245,244
238,239.75
258,246
240,255
225.5,234.5
238,226.75
230.5,234.25
216,228.25
215,215
219,215.5
213.5,215.5
215,214
214.5,216
214,214.5
209.5,212.5
201.5,206.75
203.5,202.25
204,203.75
199,202.75
200,198
197.5,197.5
190.5,196
185,190
185.5,184.75
180.5,185.5
183,180
189.5,184.75
194.5,189.5
195.5,195.5
190.75,196
191.25,190
192.25,190.5
194.25,193.25
199.75,195.75
197,198.25
197,196
194.5,197.75
205,194.25
208.5,206.25
209,208
207,208.5
205,205.5
204,207.5
206,202.5
209.5,206.5
207,207.5
208,208.75
215,212.75
205,212.5
217,208.25
213,217
181,209.5
176.5,180.75
191,176.75
190,187
176,183.5
166.25,171
167,166.5
167.5,165.5
153,164.5
161.25,157.5
163.25,161
167.75,163.5
167.5,167.5
166.25,166
170,167.5
178,172.25
179,179.5
178.5,180
180.25,178.25
177,181.75
179,177.75
178,179.25
187.5,178.5
188,186
194.5,189.75
197.25,195.25
199.5,197.5
227.5,221.25
200,196.5
197,199.5
198,194.75
199.5,195
199.75,199.75
199,200.25
207,201
201.75,205.75
199,198.75
196,199.5
213.45,201.7
204.9,208.35
200,202.8
202.5,196.1
206.5,202.9
211,204.5
199,206.55
204,198.5
207,205.75
217.75,212.6
213,216.5
212,211.05
225,222
226.75,225.5
225,227
223,221.65
233,224.1
226.95,229.25
228.6,226.75
236,228.5
235,236.5
236.5,236
239.5,239
248,242.5
243.5,247.5
252,245
243.5,251
240,243
247.5,241.5
240,245.5
244.5,240
252,245.5
254,252
257,255
262,258.5
257,259.5
256.5,257
253,255
254,252
250,253.5
251.5,250.5
256,253
259,256.5
255,254
251,250.5
240.5,243
240.5,241
245,241
245.5,247
241.5,244.5
238,239.5
236,237
236,236
234,234.5
235,234
234,234.5
233.5,234
232.5,234
238,234
237.5,237.5
234,238
238,235
234.5,237.5
234,234.5
236,235
234,236.5
233,234
234,231
237.5,235
242,238
240,241
240,240
236,239
234,236
233,234
235,233.5
239,235.5
235,236.5
234.5,234.5
226.5,234.5
239,229
233.5,238
232.5,232
236.5,231.5
241,237
247.5,248
245,247
242,245.5
239,238.5
241,239
235,239.5
236,236
232.5,235
228,232
228,228
224,228
219.5,221.5
222,219.5
221.5,221.5
218,219
222,217.5
218,220
223,219
227,224.5
231,227
227,230
225.5,224
228.5,226.5
233.5,230.5
234,233.5
238,234
235.5,237.5
237.5,236.5
235.5,236.5
234.5,235
243,234.5
234,241.5
229,233.5
228,229.5
227,227.5
235,230
226,234.5
225,226.5
234,227
226.5,234
220,225.5
211,218.5
204,210
212,205
197,197
207.5,198
207,205.5
209,207
218,214
206,211
201,204.5
196.5,200
200.5,197
197.5,201.5
204.5,200.5
203,204
198.75,203.75
200,203.75
196.25,193.75
181.25,193.75
192.5,186.25
208.75,198.75
213.75,206.25
213.75,215
216.25,215
222.5,217.5
225,223.75
226.25,221.25
226.25,223.75
232.5,227.5
235,233.75
233.75,233.75
236.25,235
233.75,237.5
230,230
221.25,226.25
218.75,221.25
215,213.75
217.5,216.25
220,217.5
222.5,217.5
215,218.75
215,215
220,215
221.25,221.25
237.5,235
227.5,235
228.75,226.25
241.25,240
235,237.5
230,235
233.75,232.5
237.5,238.75
231.25,237.5
235,235
232.5,233.75
220,226.25
230,228.75
217.5,218.75
210,207.5
213.75,207.5
216.25,215
221.25,216.25
225,216.25
227.5,225
227.5,227.5
227.5,226.25
232.5,228.75
228.75,231.25
231.25,226.25
230,231.25
235,230
232.5,236.25
223.75,230
237.5,225
237.5,235
230,235
227.5,231.25
223.75,223.75
220,217.5
231.25,225
238.75,233.75
243.75,238.75
233.75,240
235,235
240,238.75
230,237.5
237.5,230
230,233.75
232.5,230
238.75,235
246.25,240
250,246.25
255,252.5
255,255
252.5,256.25
250,253.75
252.5,251.25
250,255
252.5,250
255,251.25
256.25,258.75
248.75,256.25
247.5,250
252.5,248.75
256.25,253.75
263.75,266.25
263.75,261.25
270,265
276.25,270
270,278.75
275,271.25
277.5,276.25
275,276.25
277.5,277.5
280,280
266.25,276.25
270,266.25
278.75,271.25
285,280
278.75,283.75
271.25,277.5
267.5,266.25
268.75,263.75
280,267.5
307.5,302.5
315,308.75
320,317.5
315,320
316.25,315
310,312.5
321.25,312.5
320,322.5
321.25,323.75
318.75,320
315,321.25
306.25,315
310,306.25
306.25,310
308.75,307.5
311.25,311.25
315,311.25
316.25,313.75
315,315
317.5,313.75
318.75,318.75
311.25,315
306.25,307.5
305,307.5
300,305
303.75,295
307.5,305
307.5,307.5
311.25,311.25
312.5,310
312.5,308.75
310,311.25
316.25,311.25
320,315
322.5,320
320,322.5
322.5,321.25
323.75,323.75
327.5,325
323.75,322.5
326.25,325
323.75,326.25
325,325
325,326.25
335,328.75
331.25,336.25
325,330
323.75,323.75
326.25,322.5
328.75,322.5
330,327.5
330,330
327.5,330
327.5,330
316.25,318.75
313.75,317.5
307.5,311.25
302.5,308.75
307.5,307.5
308.75,308.75
302.5,305
307.5,305
300,306.25
287.5,297.5
287.5,287.5
287.5,287.5
292.5,288.75
285,290
286.25,283.75
285,285
288.75,287.5
286.25,288.75
290,285
290,288.75
290,288.75
295,292.5
288.75,295
286.25,287.5
290,287.5
286.25,282.5
296.25,290
290,292.5
296.25,291.25
292.5,295
298.75,292.5
306.25,296.25
298.75,306.25
290,293.75
292.5,290
297.5,287.5
297.5,300
297.5,301.25
302.5,300
293.75,296.25
285,282.5
275,280
267.5,272.5
272.5,267.5
262.5,271.25
258.75,261.25
270,260
262.5,268.75
252.5,262.5
241.25,247.5
236.25,235
240,236.25
242.5,238.75
236.25,237.5
233.75,232.5
227.5,230
230,228.75
230,231.25
230,231.25
225,231.25
228.75,226.25
227.5,228.75
223.75,226.25
222.5,221.25
225,222.5
220,221.25
215,218.75
203.75,207.5
202.5,203.75
208.75,203.75
207.5,210
212.5,210
201.25,208.75
207.5,203.75
210,207.5
213.75,213.75
206.25,212.5
220,206.25
222.5,211.25
217.5,220
226.25,217.5
211.25,223.75
212.5,212.5
202.5,203.75
205,198.75
200,200
200,198.75
197.5,195
196.25,193.75
202.5,197.5
195,201.25
192.5,191.25
190,190
195,190
197.5,195
205,201.25
205,206.25
200,203.75
205,200
200,202.5
205,200
205,197.5
220,206.25
203.75,215
217.5,208.75
222.5,216.25
227.5,225
232.5,227.5
258.75,235
275,267.5
273,273.5
263,263.5
250.5,257
252,249
260,255
247,253
227,229
220,228
229,224
233,227.5
237,231
248,240
241,246.5
256,246
261,260
257,260
248,241
256,247.5
248,254
248,248
256,254
272,261.5
264,265.5
250,254
246,246.5
255,246
261,256.5
269,266.5
275,272
255,256
263,260
244,249
249.5,243
247,252.5
243,241
230,235
223,227.5
231,232
221,224.5
211,209.5
225,226
233,226.5
221,222
213.5,216.5
199,207
194,193.5
204,199
214,208
198,203.5
187,194
177,175
181,177.5
183.5,182.5
187,188
182.5,182.5
169,181
173,173
171,171
174,168
171,172.5
168.5,170
166.5,168.5
163,164
164,163.5
163,164.5
165,162.5
171.5,166
174,172.5
178,176
176.5,177.5
182,177
176,182.5
174,174.5
175,172
180,177.5
182,178.5
176,178
176.5,175.5
172,172
170.5,170.5
168.5,169.5
173,170
173,171.5
177,173
175,177
176,174
182,180.5
179,179
184,179
182,183
184.5,183
189,185.5
187,187
185,184
196,191
185,191.5
184.5,187
174.5,175.5
174.5,174
167,166
165,164
174,174
178.75,177.5
185,183
177,176
187,179
193,189
199,194
190,194.5
195,188
191,195.5
175,181
180.5,174
169,177
184,177
178.5,178.5
172.5,173
150,157
147.5,148
146.25,145
150,146.25
146.25,148.75
139.5,140
133.5,134
133,137
141,136
144,145.5
145,144.5
142,144.5
144,142.5
144.5,144
150.5,147
149,150
148.75,148.75
147.5,147.5
152.5,150
153.75,151.25
157.5,155
155,156.25
158.75,156.25
155,153.75
150,152.5
147.5,150
145,145
151.25,150
157.5,152.5
151.25,153.75
155,155
150,152.5
152.5,155
156.25,155
157.5,158.75
160,160
166.25,165
167.5,170
167.5,168.75
165,163.75
171.25,167.5
170,178.75
170,171.25
166.25,162.5
163.75,163.75
157.5,157.5
158.75,152.5
161.25,158.75
176.25,167.5
180,173.75
187.5,182.5
180,182.5
158.75,163.75
166.25,162.5
167.5,168.75
158.75,165
170,166.25
167.5,170
167.5,165
157.5,161.25
148.75,152.5
146.25,147.5
142.5,142.5
150,143.75
142.5,146.25
150,146.25
130,140
136.25,131.25
132.5,130
135,133.75
137.5,137.5
138.75,137.5
143.75,143.75
148.75,150
152.5,152.5
135,145
140,140
152.5,150
157.5,166.25
137.5,136.25
133.75,135
130,128.75
146.25,135
151.25,150
158.75,155
160,160
156.25,156.25
160,157.5
162.5,160
167.5,165
162.5,166.25
161.25,163.75
165,152.5
160,152.5
172.5,156.25
183.75,175
183.75,181.25
188.75,186.25
182.5,185
206.25,187.5
222.5,221.25
227.5,225
221.25,223.75
223.75,221.25
216.25,221.25
221.25,217.5
217.5,215
208.75,213.75
212.5,207.5
218.75,210
230,227.5
233.75,231.25
238.75,237.5
235,235
231.25,231.25
223.75,225
225,226.25
227.5,228.75
222.5,227.5
230,226.25
226.25,227.5
221.25,225
221.25,218.75
217.5,216.25
213.75,215
213.75,215
210,212.5
220,220
213.75,217.5
206.25,208.75
200,200
200,197.5
195,195
201.25,197.5
206.25,206.25
225,211.25
227.5,225
221.25,225
230,223.75
220,223.75
210,215
203.75,208.75
213.75,206.25
217.5,220
227.5,216.25
228.75,223.75
230,227.5
235,235
228.75,230
232.5,230
228.75,228.75
230,227.5
225,226.25
232.5,228.75
240,237.5
227.5,233.75
223.75,230
212.5,222.5
227.5,213.75
232.5,228.75
235,237.5
245,238.75
237.5,233.75
242.5,236.25
252.5,245
290,260
312.5,303.75
297.5,310
315,301.25
318.75,312.5
332.5,320
345,335
335,335
337.5,330
352.5,346.25
352.5,350
361.25,351.25
355,362.5
367.5,361.25
377.5,373.75
367.5,367.5
375,370
377.5,380
373.75,378.75
365,365
375,371.25
380,371.25
373.75,380
385,376.25
390,391.25
385,386.25
402.5,393.75
387.5,395
367.5,372.5
372.5,373.75
368.75,367.5
373.75,371.25
372.5,381.25
358.75,375
350,355
347.5,350
356.25,355
348.75,348.75
337.5,345
346.25,338.75
358.75,348.75
363.75,363.75
350,360
362.5,356.25
352.5,352.5
346.25,347.5
340,350
337.5,341.25
326.25,330
336.25,336.25
322.5,332.5
315,316.25
317.5,310
325,320
327.5,326.25
333.75,330
327.5,332.5
325,320
332.5,330
342.5,335
325,335
320,317.5
327.5,322.5
322.5,325
317.5,325
312.5,322.5
325,317.5
327.5,326.25
398.75,396.25
395,400
382.5,392.5
370,387.5
375,377.5
395,388.75
387.5,400
380,385
407.5,392.5
397.5,407.5
445,417.5
452.5,450
468.75,462.5
460,467.5
485,490
482.5,493.75
475,473.75
432.5,440
435,435
405,395
440,430
455,447.5
425,437.5
435,472.5
425,432.5
490,462.5
550,552.5
675,675
690,680
630,670
615,625
630,625
635,632.5
675,665
590,600
560,575
485,510
480,497.5
460,485
387.5,407.5
405,387.5
435,400
435,400
442.5,432.5
430,432.5
420,430
470,445
505,482.5
455,467.5
460,462.5
375,381
375,373
360,369
340,347
330,324
314,319
317,319
320,311
329,315
310,312
303,300
308,300
295,302
310,294.5
306,308
305,304
297.5,304.5
302.5,303
308,304.5
297,305
293,291.5
292,291
294,291
299,295
286,291
292,287
295,294
252.5,258.5
256.5,255.5
253,254
256,255
259.5,264
259,260.5
266.5,267
267,262.5
258,258.5
256.5,253
256,256.5
256,249
250.5,252.5
246,245
242,245
237,239.5
236.5,236.5
235.5,237
244,239
247.5,247
247.5,248
250,249
245.5,247
241,243.5
241,241.5
239,241.5
247,242
241.5,242.5
236,236.5
240,238
235,235.5
235,231
232.5,231
227,229
227,223.5
228,228
228,228.5
227.5,227
231.5,228
232,231
238,235
237.5,234
230,231
227.5,228
232.5,227.5
230,234.5
222,224.5
226.5,223
219,220
214.5,219
214.5,219
225,222
219,221
212,212.5
217,214
218,218
216,216.5
216,213.5
233,227
234,230
241,237.5
249,245
253,250
245,249
242.5,238
241,243
242,240.5
243,239
242,241
236,237
241,243
233,237
237,231
236,234
230.5,234.5
224,225
236,228
234,237.5
244,240
245,243
252,248.5
238.5,246
242.5,239
235,236.5
241,236
249,247
246,246
241,241
238,238
236,234
237.5,237
235,235
241,241
232,235
246,235.5
235,232.5
237,237
247,245
242,240
233,233
208,225.5
211,210.5
209.5,204.5
210.5,214.5
219,218.5
210,217
214,212
214,217
204.5,208.5
199,198.5
199,195.5
203,199
195,204
193.5,190
192,193.5
181.5,186.5
177,174
170,178
183,176
181.5,184
189.5,184
190,190.5
189.5,189
185,190.5
183,182
181,177
176,180
174.5,175.5
175,171.5
176,173.5
177,175
176,176
178,176
177,179
184.5,184
187,187
191,188.5
189,191
190,193
191,189
195,193
193,191
191,192.5
194,192
188.5,192
181.5,183
185,184
176.5,180
179.5,178
178.5,180
180.5,174
183,181
188,185
182,185
176.5,176
176,177
173,178
176,175.5
171.5,174.5
178,174
176,177.5
173,174
167,169.5
171,168
166,168
164,166
161.25,161
165,162.5
165,165.5
161.25,162.5
161.25,158.75
156.25,160
157.5,156.25
165,158.75
152.5,158.75
162.5,160
162.5,161.25
171.25,168.75
166.25,161.25
163.75,165
167.5,167.5
167.5,172.5
166.25,165
177.5,186.25
175,180
182.5,177.5
172.5,176.25
172.5,173.75
176.25,170
173.75,168.75
166.25,170
167.5,171.25
150,152.5
147.5,148.75
145,145
145,143.75
151.25,147.5
151.25,150
158.75,152.5
155,155
150,152.5
140,147.5
142.5,138.75
135,133.75
137.5,135
143.75,142.5
145,146.25
142,150
145,143.75
142.5,145
137.5,140
145,137.5
